ISO-10303-21;
HEADER;
FILE_DESCRIPTION(('ViewDefinition [CoordinationView]'),'2;1');
FILE_NAME('','2026-05-16T08:09:58',(''),(''),'IfcOpenShell 0.8.5-1c5b825','IfcOpenShell 0.8.5-1c5b825','');
FILE_SCHEMA(('IFC2X3'));
ENDSEC;
DATA;
#1=IFCPERSON('bf-v3-generator','BuildFlow','Generator',$,$,$,$,$);
#2=IFCORGANIZATION('buildflow','BuildFlow',$,$,$);
#3=IFCPERSONANDORGANIZATION(#1,#2,$);
#4=IFCAPPLICATION(#2,'3.0','BuildFlow Generator v3','buildflow-v3');
#5=IFCOWNERHISTORY(#3,#4,.READWRITE.,.ADDED.,1778918998,#3,#4,1778918998);
#6=IFCPROJECT('0pf5yy4xrKpv$c6WThSdGw',#5,'SOL Properties Exhibition Stand',$,$,$,$,(#15),#10);
#7=IFCSIUNIT(*,.LENGTHUNIT.,.MILLI.,.METRE.);
#8=IFCSIUNIT(*,.AREAUNIT.,$,.SQUARE_METRE.);
#9=IFCSIUNIT(*,.VOLUMEUNIT.,$,.CUBIC_METRE.);
#10=IFCUNITASSIGNMENT((#8,#9,#7));
#11=IFCCARTESIANPOINT((0.,0.,0.));
#12=IFCDIRECTION((0.,0.,1.));
#13=IFCDIRECTION((1.,0.,0.));
#14=IFCAXIS2PLACEMENT3D(#11,#12,#13);
#15=IFCGEOMETRICREPRESENTATIONCONTEXT($,'Model',3,1.0000000000000001E-05,#14,$);
#16=IFCGEOMETRICREPRESENTATIONSUBCONTEXT('Body','Model',*,*,*,*,#15,$,.MODEL_VIEW.,$);
#17=IFCOWNERHISTORY(#3,#4,.READWRITE.,.MODIFIED.,1778918998,#3,#4,1778918998);
#18=IFCSITE('1i4pluRsfOthZHp72YxTZ9',#17,'International Property Show - Main Entrance Hall',$,$,#33,$,$,.ELEMENT.,$,$,$,$,$);
#19=IFCOWNERHISTORY(#3,#4,.READWRITE.,.MODIFIED.,1778918998,#3,#4,1778918998);
#20=IFCBUILDING('1gf_KjPsHHNxASVkxElhai',#19,'SOL Properties Exhibition Stand',$,$,#38,$,$,.ELEMENT.,$,$,$);
#21=IFCOWNERHISTORY(#3,#4,.READWRITE.,.MODIFIED.,1778918998,#3,#4,1778918998);
#22=IFCBUILDINGSTOREY('1ALemF0zrQzuKD6aruOUwM',#21,'Ground Floor',$,$,#43,$,$,.ELEMENT.,$);
#23=IFCOWNERHISTORY(#3,#4,.READWRITE.,.ADDED.,1778918998,#3,#4,1778918998);
#24=IFCRELAGGREGATES('2xrioviF1Oa8Ed9IPjH7Al',#23,$,$,#6,(#18));
#25=IFCOWNERHISTORY(#3,#4,.READWRITE.,.ADDED.,1778918998,#3,#4,1778918998);
#26=IFCRELAGGREGATES('0tav3Uwh5MGwfLukaWfiso',#25,$,$,#18,(#20));
#27=IFCOWNERHISTORY(#3,#4,.READWRITE.,.ADDED.,1778918998,#3,#4,1778918998);
#28=IFCRELAGGREGATES('2VH3veIkLP5vbMho0YiBO3',#27,$,$,#20,(#22));
#29=IFCCARTESIANPOINT((0.,0.,0.));
#30=IFCDIRECTION((0.,0.,1.));
#31=IFCDIRECTION((1.,0.,0.));
#32=IFCAXIS2PLACEMENT3D(#29,#30,#31);
#33=IFCLOCALPLACEMENT($,#32);
#34=IFCCARTESIANPOINT((0.,0.,0.));
#35=IFCDIRECTION((0.,0.,1.));
#36=IFCDIRECTION((1.,0.,0.));
#37=IFCAXIS2PLACEMENT3D(#34,#35,#36);
#38=IFCLOCALPLACEMENT(#33,#37);
#39=IFCCARTESIANPOINT((0.,0.,0.));
#40=IFCDIRECTION((0.,0.,1.));
#41=IFCDIRECTION((1.,0.,0.));
#42=IFCAXIS2PLACEMENT3D(#39,#40,#41);
#43=IFCLOCALPLACEMENT(#38,#42);
#44=IFCMATERIAL('Smoked Walnut Oak');
#45=IFCSURFACESTYLE('Smoked Walnut Oak Style',.BOTH.,(#46));
#46=IFCSURFACESTYLESHADING(#47);
#47=IFCCOLOURRGB('Smoked Walnut Oak Colour',0.22,0.14000000000000001,0.089999999999999997);
#48=IFCPRESENTATIONSTYLEASSIGNMENT((#45));
#49=IFCSTYLEDITEM($,(#48),'Smoked Walnut Oak Style');
#50=IFCSTYLEDREPRESENTATION(#16,'Body',$,(#49));
#51=IFCMATERIALDEFINITIONREPRESENTATION($,$,(#50),#44);
#52=IFCMATERIAL('Pale Ivory Travertine');
#53=IFCSURFACESTYLE('Pale Ivory Travertine Style',.BOTH.,(#54));
#54=IFCSURFACESTYLESHADING(#55);
#55=IFCCOLOURRGB('Pale Ivory Travertine Colour',0.92000000000000004,0.88,0.78000000000000003);
#56=IFCPRESENTATIONSTYLEASSIGNMENT((#53));
#57=IFCSTYLEDITEM($,(#56),'Pale Ivory Travertine Style');
#58=IFCSTYLEDREPRESENTATION(#16,'Body',$,(#57));
#59=IFCMATERIALDEFINITIONREPRESENTATION($,$,(#58),#52);
#60=IFCMATERIAL('Bronze Finish');
#61=IFCSURFACESTYLE('Bronze Finish Style',.BOTH.,(#62));
#62=IFCSURFACESTYLESHADING(#63);
#63=IFCCOLOURRGB('Bronze Finish Colour',0.62,0.45000000000000001,0.25);
#64=IFCPRESENTATIONSTYLEASSIGNMENT((#61));
#65=IFCSTYLEDITEM($,(#64),'Bronze Finish Style');
#66=IFCSTYLEDREPRESENTATION(#16,'Body',$,(#65));
#67=IFCMATERIALDEFINITIONREPRESENTATION($,$,(#66),#60);
#68=IFCMATERIAL('Matte Black Laminate');
#69=IFCSURFACESTYLE('Matte Black Laminate Style',.BOTH.,(#70));
#70=IFCSURFACESTYLESHADING(#71);
#71=IFCCOLOURRGB('Matte Black Laminate Colour',0.080000000000000002,0.080000000000000002,0.080000000000000002);
#72=IFCPRESENTATIONSTYLEASSIGNMENT((#69));
#73=IFCSTYLEDITEM($,(#72),'Matte Black Laminate Style');
#74=IFCSTYLEDREPRESENTATION(#16,'Body',$,(#73));
#75=IFCMATERIALDEFINITIONREPRESENTATION($,$,(#74),#68);
#76=IFCMATERIAL('LED Diffuser Substrate');
#77=IFCSURFACESTYLE('LED Diffuser Substrate Style',.BOTH.,(#78));
#78=IFCSURFACESTYLESHADING(#79);
#79=IFCCOLOURRGB('LED Diffuser Substrate Colour',0.97999999999999998,0.94999999999999996,0.84999999999999998);
#80=IFCPRESENTATIONSTYLEASSIGNMENT((#77));
#81=IFCSTYLEDITEM($,(#80),'LED Diffuser Substrate Style');
#82=IFCSTYLEDREPRESENTATION(#16,'Body',$,(#81));
#83=IFCMATERIALDEFINITIONREPRESENTATION($,$,(#82),#76);
#84=IFCMATERIAL('Chrome Finish');
#85=IFCSURFACESTYLE('Chrome Finish Style',.BOTH.,(#86));
#86=IFCSURFACESTYLESHADING(#87);
#87=IFCCOLOURRGB('Chrome Finish Colour',0.84999999999999998,0.84999999999999998,0.88);
#88=IFCPRESENTATIONSTYLEASSIGNMENT((#85));
#89=IFCSTYLEDITEM($,(#88),'Chrome Finish Style');
#90=IFCSTYLEDREPRESENTATION(#16,'Body',$,(#89));
#91=IFCMATERIALDEFINITIONREPRESENTATION($,$,(#90),#84);
#92=IFCMATERIAL('Mixed Media Architectural Model');
#93=IFCSURFACESTYLE('Mixed Media Architectural Model Style',.BOTH.,(#94));
#94=IFCSURFACESTYLESHADING(#95);
#95=IFCCOLOURRGB('Mixed Media Architectural Model Colour',0.69999999999999996,0.65000000000000002,0.55000000000000004);
#96=IFCPRESENTATIONSTYLEASSIGNMENT((#93));
#97=IFCSTYLEDITEM($,(#96),'Mixed Media Architectural Model Style');
#98=IFCSTYLEDREPRESENTATION(#16,'Body',$,(#97));
#99=IFCMATERIALDEFINITIONREPRESENTATION($,$,(#98),#92);
#100=IFCOWNERHISTORY(#3,#4,.READWRITE.,.ADDED.,1778918998,#3,#4,1778918998);
#101=IFCSPACE('0wNgoTRXjMXfKU_z34lg4V',#100,'SP-01',$,'Reception',#117,#114,'Entrance Approach',.ELEMENT.,$,$);
#102=IFCCARTESIANPOINT((5.,0.));
#103=IFCCARTESIANPOINT((10.,0.));
#104=IFCCARTESIANPOINT((10.,3.));
#105=IFCCARTESIANPOINT((5.,3.));
#106=IFCCARTESIANPOINT((5.,0.));
#107=IFCPOLYLINE((#102,#103,#104,#105,#106));
#108=IFCARBITRARYCLOSEDPROFILEDEF(.AREA.,$,#107);
#109=IFCCARTESIANPOINT((0.,0.,0.));
#110=IFCAXIS2PLACEMENT3D(#109,$,$);
#111=IFCDIRECTION((0.,0.,1.));
#112=IFCEXTRUDEDAREASOLID(#108,#110,#111,4.5);
#113=IFCSHAPEREPRESENTATION(#16,'Body','SweptSolid',(#112));
#114=IFCPRODUCTDEFINITIONSHAPE($,$,(#113));
#115=IFCCARTESIANPOINT((0.,0.,0.));
#116=IFCAXIS2PLACEMENT3D(#115,$,$);
#117=IFCLOCALPLACEMENT(#43,#116);
#118=IFCOWNERHISTORY(#3,#4,.READWRITE.,.ADDED.,1778918998,#3,#4,1778918998);
#119=IFCSPACE('1JehoPcc5IEQDljBPODbm3',#118,'SP-02',$,'Reception',#135,#132,'Reception Desk Zone',.ELEMENT.,$,$);
#120=IFCCARTESIANPOINT((0.,12.));
#121=IFCCARTESIANPOINT((5.,12.));
#122=IFCCARTESIANPOINT((5.,15.));
#123=IFCCARTESIANPOINT((0.,15.));
#124=IFCCARTESIANPOINT((0.,12.));
#125=IFCPOLYLINE((#120,#121,#122,#123,#124));
#126=IFCARBITRARYCLOSEDPROFILEDEF(.AREA.,$,#125);
#127=IFCCARTESIANPOINT((0.,0.,0.));
#128=IFCAXIS2PLACEMENT3D(#127,$,$);
#129=IFCDIRECTION((0.,0.,1.));
#130=IFCEXTRUDEDAREASOLID(#126,#128,#129,4.5);
#131=IFCSHAPEREPRESENTATION(#16,'Body','SweptSolid',(#130));
#132=IFCPRODUCTDEFINITIONSHAPE($,$,(#131));
#133=IFCCARTESIANPOINT((0.,0.,0.));
#134=IFCAXIS2PLACEMENT3D(#133,$,$);
#135=IFCLOCALPLACEMENT(#43,#134);
#136=IFCOWNERHISTORY(#3,#4,.READWRITE.,.ADDED.,1778918998,#3,#4,1778918998);
#137=IFCSPACE('2lyOuwuFfRqB6vRqDXOY8w',#136,'SP-03',$,'Lounge',#153,#150,'Lounge',.ELEMENT.,$,$);
#138=IFCCARTESIANPOINT((10.,0.));
#139=IFCCARTESIANPOINT((15.,0.));
#140=IFCCARTESIANPOINT((15.,5.));
#141=IFCCARTESIANPOINT((10.,5.));
#142=IFCCARTESIANPOINT((10.,0.));
#143=IFCPOLYLINE((#138,#139,#140,#141,#142));
#144=IFCARBITRARYCLOSEDPROFILEDEF(.AREA.,$,#143);
#145=IFCCARTESIANPOINT((0.,0.,0.));
#146=IFCAXIS2PLACEMENT3D(#145,$,$);
#147=IFCDIRECTION((0.,0.,1.));
#148=IFCEXTRUDEDAREASOLID(#144,#146,#147,4.5);
#149=IFCSHAPEREPRESENTATION(#16,'Body','SweptSolid',(#148));
#150=IFCPRODUCTDEFINITIONSHAPE($,$,(#149));
#151=IFCCARTESIANPOINT((0.,0.,0.));
#152=IFCAXIS2PLACEMENT3D(#151,$,$);
#153=IFCLOCALPLACEMENT(#43,#152);
#154=IFCOWNERHISTORY(#3,#4,.READWRITE.,.ADDED.,1778918998,#3,#4,1778918998);
#155=IFCSPACE('0S20Nf18zQauxYZ7c90Zh_',#154,'SP-04',$,'Coffee Bar',#199,#196,'Coffee Hub (central disc)',.ELEMENT.,$,$);
#156=IFCCARTESIANPOINT((10.5,7.5));
#157=IFCCARTESIANPOINT((10.442355841209691,8.0852709660483839));
#158=IFCCARTESIANPOINT((10.27163859753386,8.6480502970952688));
#159=IFCCARTESIANPOINT((9.9944088369076347,9.1667106990588074));
#160=IFCCARTESIANPOINT((9.6213203435596419,9.6213203435596419));
#161=IFCCARTESIANPOINT((9.1667106990588074,9.9944088369076347));
#162=IFCCARTESIANPOINT((8.6480502970952688,10.27163859753386));
#163=IFCCARTESIANPOINT((8.0852709660483857,10.442355841209691));
#164=IFCCARTESIANPOINT((7.5,10.5));
#165=IFCCARTESIANPOINT((6.9147290339516152,10.442355841209691));
#166=IFCCARTESIANPOINT((6.3519497029047312,10.27163859753386));
#167=IFCCARTESIANPOINT((5.8332893009411944,9.9944088369076365));
#168=IFCCARTESIANPOINT((5.3786796564403581,9.6213203435596419));
#169=IFCCARTESIANPOINT((5.0055911630923635,9.1667106990588074));
#170=IFCCARTESIANPOINT((4.72836140246614,8.6480502970952706));
#171=IFCCARTESIANPOINT((4.5576441587903087,8.0852709660483857));
#172=IFCCARTESIANPOINT((4.5,7.5));
#173=IFCCARTESIANPOINT((4.5576441587903087,6.9147290339516152));
#174=IFCCARTESIANPOINT((4.72836140246614,6.3519497029047312));
#175=IFCCARTESIANPOINT((5.0055911630923635,5.8332893009411944));
#176=IFCCARTESIANPOINT((5.3786796564403572,5.3786796564403581));
#177=IFCCARTESIANPOINT((5.8332893009411935,5.0055911630923644));
#178=IFCCARTESIANPOINT((6.3519497029047294,4.72836140246614));
#179=IFCCARTESIANPOINT((6.9147290339516143,4.5576441587903087));
#180=IFCCARTESIANPOINT((7.4999999999999991,4.5));
#181=IFCCARTESIANPOINT((8.0852709660483857,4.5576441587903087));
#182=IFCCARTESIANPOINT((8.6480502970952706,4.72836140246614));
#183=IFCCARTESIANPOINT((9.1667106990588056,5.0055911630923635));
#184=IFCCARTESIANPOINT((9.6213203435596419,5.3786796564403572));
#185=IFCCARTESIANPOINT((9.9944088369076347,5.8332893009411935));
#186=IFCCARTESIANPOINT((10.27163859753386,6.3519497029047294));
#187=IFCCARTESIANPOINT((10.442355841209691,6.9147290339516143));
#188=IFCCARTESIANPOINT((10.5,7.5));
#189=IFCPOLYLINE((#156,#157,#158,#159,#160,#161,#162,#163,#164,#165,#166,#167,#168,#169,#170,#171,#172,#173,#174,#175,#176,#177,#178,#179,#180,#181,#182,#183,#184,#185,#186,#187,#188));
#190=IFCARBITRARYCLOSEDPROFILEDEF(.AREA.,$,#189);
#191=IFCCARTESIANPOINT((0.,0.,0.));
#192=IFCAXIS2PLACEMENT3D(#191,$,$);
#193=IFCDIRECTION((0.,0.,1.));
#194=IFCEXTRUDEDAREASOLID(#190,#192,#193,4.5);
#195=IFCSHAPEREPRESENTATION(#16,'Body','SweptSolid',(#194));
#196=IFCPRODUCTDEFINITIONSHAPE($,$,(#195));
#197=IFCCARTESIANPOINT((0.,0.,0.));
#198=IFCAXIS2PLACEMENT3D(#197,$,$);
#199=IFCLOCALPLACEMENT(#43,#198);
#200=IFCOWNERHISTORY(#3,#4,.READWRITE.,.ADDED.,1778918998,#3,#4,1778918998);
#201=IFCSPACE('2zc$FOVxnOnfI3IWH3c7nX',#200,'SP-05',$,'Exhibit Display',#217,#214,'Terra Casa Display',.ELEMENT.,$,$);
#202=IFCCARTESIANPOINT((10.,10.));
#203=IFCCARTESIANPOINT((15.,10.));
#204=IFCCARTESIANPOINT((15.,15.));
#205=IFCCARTESIANPOINT((10.,15.));
#206=IFCCARTESIANPOINT((10.,10.));
#207=IFCPOLYLINE((#202,#203,#204,#205,#206));
#208=IFCARBITRARYCLOSEDPROFILEDEF(.AREA.,$,#207);
#209=IFCCARTESIANPOINT((0.,0.,0.));
#210=IFCAXIS2PLACEMENT3D(#209,$,$);
#211=IFCDIRECTION((0.,0.,1.));
#212=IFCEXTRUDEDAREASOLID(#208,#210,#211,4.5);
#213=IFCSHAPEREPRESENTATION(#16,'Body','SweptSolid',(#212));
#214=IFCPRODUCTDEFINITIONSHAPE($,$,(#213));
#215=IFCCARTESIANPOINT((0.,0.,0.));
#216=IFCAXIS2PLACEMENT3D(#215,$,$);
#217=IFCLOCALPLACEMENT(#43,#216);
#218=IFCOWNERHISTORY(#3,#4,.READWRITE.,.ADDED.,1778918998,#3,#4,1778918998);
#219=IFCSPACE('2OZA1yEubNWRlhHZy$GMFO',#218,'SP-06',$,'Exhibit Display',#235,#232,'Luxe Display',.ELEMENT.,$,$);
#220=IFCCARTESIANPOINT((0.,5.));
#221=IFCCARTESIANPOINT((5.,5.));
#222=IFCCARTESIANPOINT((5.,10.));
#223=IFCCARTESIANPOINT((0.,10.));
#224=IFCCARTESIANPOINT((0.,5.));
#225=IFCPOLYLINE((#220,#221,#222,#223,#224));
#226=IFCARBITRARYCLOSEDPROFILEDEF(.AREA.,$,#225);
#227=IFCCARTESIANPOINT((0.,0.,0.));
#228=IFCAXIS2PLACEMENT3D(#227,$,$);
#229=IFCDIRECTION((0.,0.,1.));
#230=IFCEXTRUDEDAREASOLID(#226,#228,#229,4.5);
#231=IFCSHAPEREPRESENTATION(#16,'Body','SweptSolid',(#230));
#232=IFCPRODUCTDEFINITIONSHAPE($,$,(#231));
#233=IFCCARTESIANPOINT((0.,0.,0.));
#234=IFCAXIS2PLACEMENT3D(#233,$,$);
#235=IFCLOCALPLACEMENT(#43,#234);
#236=IFCOWNERHISTORY(#3,#4,.READWRITE.,.ADDED.,1778918998,#3,#4,1778918998);
#237=IFCSPACE('3cGw1i6e1PbODCo0vb6lQv',#236,'SP-07',$,'Exhibit Display',#253,#250,'Fairmont Residences Display',.ELEMENT.,$,$);
#238=IFCCARTESIANPOINT((10.,5.));
#239=IFCCARTESIANPOINT((15.,5.));
#240=IFCCARTESIANPOINT((15.,10.));
#241=IFCCARTESIANPOINT((10.,10.));
#242=IFCCARTESIANPOINT((10.,5.));
#243=IFCPOLYLINE((#238,#239,#240,#241,#242));
#244=IFCARBITRARYCLOSEDPROFILEDEF(.AREA.,$,#243);
#245=IFCCARTESIANPOINT((0.,0.,0.));
#246=IFCAXIS2PLACEMENT3D(#245,$,$);
#247=IFCDIRECTION((0.,0.,1.));
#248=IFCEXTRUDEDAREASOLID(#244,#246,#247,4.5);
#249=IFCSHAPEREPRESENTATION(#16,'Body','SweptSolid',(#248));
#250=IFCPRODUCTDEFINITIONSHAPE($,$,(#249));
#251=IFCCARTESIANPOINT((0.,0.,0.));
#252=IFCAXIS2PLACEMENT3D(#251,$,$);
#253=IFCLOCALPLACEMENT(#43,#252);
#254=IFCOWNERHISTORY(#3,#4,.READWRITE.,.ADDED.,1778918998,#3,#4,1778918998);
#255=IFCSPACE('3JGAveCsvVF8e$8mr2e$n_',#254,'SP-08',$,'Staff',#271,#268,'Staff Service Area',.ELEMENT.,$,$);
#256=IFCCARTESIANPOINT((0.,0.));
#257=IFCCARTESIANPOINT((5.,0.));
#258=IFCCARTESIANPOINT((5.,5.));
#259=IFCCARTESIANPOINT((0.,5.));
#260=IFCCARTESIANPOINT((0.,0.));
#261=IFCPOLYLINE((#256,#257,#258,#259,#260));
#262=IFCARBITRARYCLOSEDPROFILEDEF(.AREA.,$,#261);
#263=IFCCARTESIANPOINT((0.,0.,0.));
#264=IFCAXIS2PLACEMENT3D(#263,$,$);
#265=IFCDIRECTION((0.,0.,1.));
#266=IFCEXTRUDEDAREASOLID(#262,#264,#265,4.5);
#267=IFCSHAPEREPRESENTATION(#16,'Body','SweptSolid',(#266));
#268=IFCPRODUCTDEFINITIONSHAPE($,$,(#267));
#269=IFCCARTESIANPOINT((0.,0.,0.));
#270=IFCAXIS2PLACEMENT3D(#269,$,$);
#271=IFCLOCALPLACEMENT(#43,#270);
#272=IFCOWNERHISTORY(#3,#4,.READWRITE.,.MODIFIED.,1778919017,#3,#4,1778919017);
#273=IFCSLAB('0pf5yy4xrKpv$c6WThSdGw',#272,'SL-01',$,$,#294,#282,'SL-01',.FLOOR.);
#274=IFCCARTESIANPOINT((0.,0.));
#275=IFCAXIS2PLACEMENT2D(#274,$);
#276=IFCRECTANGLEPROFILEDEF(.AREA.,$,#275,15.,15.);
#277=IFCCARTESIANPOINT((0.,0.,0.));
#278=IFCAXIS2PLACEMENT3D(#277,$,$);
#279=IFCDIRECTION((0.,0.,1.));
#280=IFCEXTRUDEDAREASOLID(#276,#278,#279,0.050000000000000003);
#281=IFCSHAPEREPRESENTATION(#16,'Body','SweptSolid',(#280));
#282=IFCPRODUCTDEFINITIONSHAPE($,$,(#281));
#288=IFCOWNERHISTORY(#3,#4,.READWRITE.,.MODIFIED.,1778919112,#3,#4,1778919017);
#289=IFCRELCONTAINEDINSPATIALSTRUCTURE('1i4pluRsfOthZHp72YxTZ9',#288,$,$,(#1197,#695,#1428,#1155,#1639,#464,#926,#1344,#1071,#653,#1870,#380,#842,#569,#1828,#338,#800,#1260,#1744,#1471,#758,#1176,#1702,#1407,#989,#1134,#1618,#443,#905,#1050,#632,#1576,#548,#1323,#1807,#317,#1534,#779,#506,#1239,#1723,#1450,#1010,#737,#1681,#1386,#968,#1113,#1597,#422,#884,#1029,#611,#1555,#527,#1302,#1786,#296,#1513,#1218,#716,#1660,#485,#1365,#947,#674,#1092,#1891,#401,#863,#590,#273,#1849,#359,#821,#1281,#1765,#1492),#22);
#290=IFCCARTESIANPOINT((0.,0.,0.));
#291=IFCDIRECTION((0.,0.,1.));
#292=IFCDIRECTION((1.,0.,0.));
#293=IFCAXIS2PLACEMENT3D(#290,#291,#292);
#294=IFCLOCALPLACEMENT(#43,#293);
#295=IFCOWNERHISTORY(#3,#4,.READWRITE.,.MODIFIED.,1778919017,#3,#4,1778919017);
#296=IFCCOVERING('1gf_KjPsHHNxASVkxElhai',#295,'SL-01-EDGE-N',$,$,#315,#305,'SL-01-EDGE-N',.FLOORING.);
#297=IFCCARTESIANPOINT((0.,0.));
#298=IFCAXIS2PLACEMENT2D(#297,$);
#299=IFCRECTANGLEPROFILEDEF(.AREA.,$,#298,15.,0.080000000000000002);
#300=IFCCARTESIANPOINT((0.,0.,0.));
#301=IFCAXIS2PLACEMENT3D(#300,$,$);
#302=IFCDIRECTION((0.,0.,1.));
#303=IFCEXTRUDEDAREASOLID(#299,#301,#302,0.050000000000000003);
#304=IFCSHAPEREPRESENTATION(#16,'Body','SweptSolid',(#303));
#305=IFCPRODUCTDEFINITIONSHAPE($,$,(#304));
#311=IFCCARTESIANPOINT((0.,14.92,0.050000000000000003));
#312=IFCDIRECTION((0.,0.,1.));
#313=IFCDIRECTION((1.,0.,0.));
#314=IFCAXIS2PLACEMENT3D(#311,#312,#313);
#315=IFCLOCALPLACEMENT(#43,#314);
#316=IFCOWNERHISTORY(#3,#4,.READWRITE.,.MODIFIED.,1778919017,#3,#4,1778919017);
#317=IFCCOVERING('1ALemF0zrQzuKD6aruOUwM',#316,'SL-01-EDGE-E',$,$,#336,#326,'SL-01-EDGE-E',.FLOORING.);
#318=IFCCARTESIANPOINT((0.,0.));
#319=IFCAXIS2PLACEMENT2D(#318,$);
#320=IFCRECTANGLEPROFILEDEF(.AREA.,$,#319,0.080000000000000002,15.);
#321=IFCCARTESIANPOINT((0.,0.,0.));
#322=IFCAXIS2PLACEMENT3D(#321,$,$);
#323=IFCDIRECTION((0.,0.,1.));
#324=IFCEXTRUDEDAREASOLID(#320,#322,#323,0.050000000000000003);
#325=IFCSHAPEREPRESENTATION(#16,'Body','SweptSolid',(#324));
#326=IFCPRODUCTDEFINITIONSHAPE($,$,(#325));
#332=IFCCARTESIANPOINT((14.92,0.,0.050000000000000003));
#333=IFCDIRECTION((0.,0.,1.));
#334=IFCDIRECTION((1.,0.,0.));
#335=IFCAXIS2PLACEMENT3D(#332,#333,#334);
#336=IFCLOCALPLACEMENT(#43,#335);
#337=IFCOWNERHISTORY(#3,#4,.READWRITE.,.MODIFIED.,1778919017,#3,#4,1778919017);
#338=IFCCOVERING('2xrioviF1Oa8Ed9IPjH7Al',#337,'SL-01-EDGE-S',$,$,#357,#347,'SL-01-EDGE-S',.FLOORING.);
#339=IFCCARTESIANPOINT((0.,0.));
#340=IFCAXIS2PLACEMENT2D(#339,$);
#341=IFCRECTANGLEPROFILEDEF(.AREA.,$,#340,15.,0.080000000000000002);
#342=IFCCARTESIANPOINT((0.,0.,0.));
#343=IFCAXIS2PLACEMENT3D(#342,$,$);
#344=IFCDIRECTION((0.,0.,1.));
#345=IFCEXTRUDEDAREASOLID(#341,#343,#344,0.050000000000000003);
#346=IFCSHAPEREPRESENTATION(#16,'Body','SweptSolid',(#345));
#347=IFCPRODUCTDEFINITIONSHAPE($,$,(#346));
#353=IFCCARTESIANPOINT((0.,0.,0.050000000000000003));
#354=IFCDIRECTION((0.,0.,1.));
#355=IFCDIRECTION((1.,0.,0.));
#356=IFCAXIS2PLACEMENT3D(#353,#354,#355);
#357=IFCLOCALPLACEMENT(#43,#356);
#358=IFCOWNERHISTORY(#3,#4,.READWRITE.,.MODIFIED.,1778919017,#3,#4,1778919017);
#359=IFCCOVERING('0tav3Uwh5MGwfLukaWfiso',#358,'SL-01-EDGE-W',$,$,#378,#368,'SL-01-EDGE-W',.FLOORING.);
#360=IFCCARTESIANPOINT((0.,0.));
#361=IFCAXIS2PLACEMENT2D(#360,$);
#362=IFCRECTANGLEPROFILEDEF(.AREA.,$,#361,0.080000000000000002,15.);
#363=IFCCARTESIANPOINT((0.,0.,0.));
#364=IFCAXIS2PLACEMENT3D(#363,$,$);
#365=IFCDIRECTION((0.,0.,1.));
#366=IFCEXTRUDEDAREASOLID(#362,#364,#365,0.050000000000000003);
#367=IFCSHAPEREPRESENTATION(#16,'Body','SweptSolid',(#366));
#368=IFCPRODUCTDEFINITIONSHAPE($,$,(#367));
#374=IFCCARTESIANPOINT((0.,0.,0.050000000000000003));
#375=IFCDIRECTION((0.,0.,1.));
#376=IFCDIRECTION((1.,0.,0.));
#377=IFCAXIS2PLACEMENT3D(#374,#375,#376);
#378=IFCLOCALPLACEMENT(#43,#377);
#379=IFCOWNERHISTORY(#3,#4,.READWRITE.,.MODIFIED.,1778919029,#3,#4,1778919029);
#380=IFCCOLUMN('0pf5yy4xrKpv$c6WThSdGw',#379,'PT-01-COL-L',$,$,#399,#389,'PT-01-COL-L');
#381=IFCCARTESIANPOINT((0.,0.));
#382=IFCAXIS2PLACEMENT2D(#381,$);
#383=IFCRECTANGLEPROFILEDEF(.AREA.,$,#382,0.29999999999999999,0.29999999999999999);
#384=IFCCARTESIANPOINT((0.,0.,0.));
#385=IFCAXIS2PLACEMENT3D(#384,$,$);
#386=IFCDIRECTION((0.,0.,1.));
#387=IFCEXTRUDEDAREASOLID(#383,#385,#386,4.);
#388=IFCSHAPEREPRESENTATION(#16,'Body','SweptSolid',(#387));
#389=IFCPRODUCTDEFINITIONSHAPE($,$,(#388));
#395=IFCCARTESIANPOINT((5.,0.20000000000000001,0.050000000000000003));
#396=IFCDIRECTION((0.,0.,1.));
#397=IFCDIRECTION((1.,0.,0.));
#398=IFCAXIS2PLACEMENT3D(#395,#396,#397);
#399=IFCLOCALPLACEMENT(#43,#398);
#400=IFCOWNERHISTORY(#3,#4,.READWRITE.,.MODIFIED.,1778919029,#3,#4,1778919029);
#401=IFCCOLUMN('1i4pluRsfOthZHp72YxTZ9',#400,'PT-01-COL-R',$,$,#420,#410,'PT-01-COL-R');
#402=IFCCARTESIANPOINT((0.,0.));
#403=IFCAXIS2PLACEMENT2D(#402,$);
#404=IFCRECTANGLEPROFILEDEF(.AREA.,$,#403,0.29999999999999999,0.29999999999999999);
#405=IFCCARTESIANPOINT((0.,0.,0.));
#406=IFCAXIS2PLACEMENT3D(#405,$,$);
#407=IFCDIRECTION((0.,0.,1.));
#408=IFCEXTRUDEDAREASOLID(#404,#406,#407,4.);
#409=IFCSHAPEREPRESENTATION(#16,'Body','SweptSolid',(#408));
#410=IFCPRODUCTDEFINITIONSHAPE($,$,(#409));
#416=IFCCARTESIANPOINT((9.6999999999999993,0.20000000000000001,0.050000000000000003));
#417=IFCDIRECTION((0.,0.,1.));
#418=IFCDIRECTION((1.,0.,0.));
#419=IFCAXIS2PLACEMENT3D(#416,#417,#418);
#420=IFCLOCALPLACEMENT(#43,#419);
#421=IFCOWNERHISTORY(#3,#4,.READWRITE.,.MODIFIED.,1778919029,#3,#4,1778919029);
#422=IFCBEAM('1gf_KjPsHHNxASVkxElhai',#421,'PT-01-LINTEL',$,$,#441,#431,'PT-01-LINTEL');
#423=IFCCARTESIANPOINT((0.,0.));
#424=IFCAXIS2PLACEMENT2D(#423,$);
#425=IFCRECTANGLEPROFILEDEF(.AREA.,$,#424,5.,0.29999999999999999);
#426=IFCCARTESIANPOINT((0.,0.,0.));
#427=IFCAXIS2PLACEMENT3D(#426,$,$);
#428=IFCDIRECTION((0.,0.,1.));
#429=IFCEXTRUDEDAREASOLID(#425,#427,#428,0.40000000000000002);
#430=IFCSHAPEREPRESENTATION(#16,'Body','SweptSolid',(#429));
#431=IFCPRODUCTDEFINITIONSHAPE($,$,(#430));
#437=IFCCARTESIANPOINT((5.,0.20000000000000001,4.));
#438=IFCDIRECTION((0.,0.,1.));
#439=IFCDIRECTION((1.,0.,0.));
#440=IFCAXIS2PLACEMENT3D(#437,#438,#439);
#441=IFCLOCALPLACEMENT(#43,#440);
#442=IFCOWNERHISTORY(#3,#4,.READWRITE.,.MODIFIED.,1778919029,#3,#4,1778919029);
#443=IFCBUILDINGELEMENTPROXY('1ALemF0zrQzuKD6aruOUwM',#442,'PT-01-DISC',$,'Portal Branding Disc',#462,#452,'PT-01-DISC',.ELEMENT.);
#444=IFCCARTESIANPOINT((0.,0.));
#445=IFCAXIS2PLACEMENT2D(#444,$);
#446=IFCRECTANGLEPROFILEDEF(.AREA.,$,#445,0.29999999999999999,0.040000000000000001);
#447=IFCCARTESIANPOINT((0.,0.,0.));
#448=IFCAXIS2PLACEMENT3D(#447,$,$);
#449=IFCDIRECTION((0.,0.,1.));
#450=IFCEXTRUDEDAREASOLID(#446,#448,#449,0.29999999999999999);
#451=IFCSHAPEREPRESENTATION(#16,'Body','SweptSolid',(#450));
#452=IFCPRODUCTDEFINITIONSHAPE($,$,(#451));
#458=IFCCARTESIANPOINT((7.3499999999999996,0.17999999999999999,2.5));
#459=IFCDIRECTION((0.,0.,1.));
#460=IFCDIRECTION((1.,0.,0.));
#461=IFCAXIS2PLACEMENT3D(#458,#459,#460);
#462=IFCLOCALPLACEMENT(#43,#461);
#463=IFCOWNERHISTORY(#3,#4,.READWRITE.,.MODIFIED.,1778919029,#3,#4,1778919029);
#464=IFCBUILDINGELEMENTPROXY('2xrioviF1Oa8Ed9IPjH7Al',#463,'PT-01-LETTER',$,'Portal Wordmark',#483,#473,'PT-01-LETTER',.ELEMENT.);
#465=IFCCARTESIANPOINT((0.,0.));
#466=IFCAXIS2PLACEMENT2D(#465,$);
#467=IFCRECTANGLEPROFILEDEF(.AREA.,$,#466,4.4000000000000004,0.029999999999999999);
#468=IFCCARTESIANPOINT((0.,0.,0.));
#469=IFCAXIS2PLACEMENT3D(#468,$,$);
#470=IFCDIRECTION((0.,0.,1.));
#471=IFCEXTRUDEDAREASOLID(#467,#469,#470,0.5);
#472=IFCSHAPEREPRESENTATION(#16,'Body','SweptSolid',(#471));
#473=IFCPRODUCTDEFINITIONSHAPE($,$,(#472));
#479=IFCCARTESIANPOINT((5.2999999999999998,0.17999999999999999,3.));
#480=IFCDIRECTION((0.,0.,1.));
#481=IFCDIRECTION((1.,0.,0.));
#482=IFCAXIS2PLACEMENT3D(#479,#480,#481);
#483=IFCLOCALPLACEMENT(#43,#482);
#484=IFCOWNERHISTORY(#3,#4,.READWRITE.,.MODIFIED.,1778919029,#3,#4,1778919029);
#485=IFCWALL('0tav3Uwh5MGwfLukaWfiso',#484,'FN-01',$,$,#504,#494,'FN-01');
#486=IFCCARTESIANPOINT((0.,0.));
#487=IFCAXIS2PLACEMENT2D(#486,$);
#488=IFCRECTANGLEPROFILEDEF(.AREA.,$,#487,0.14999999999999999,0.59999999999999998);
#489=IFCCARTESIANPOINT((0.,0.,0.));
#490=IFCAXIS2PLACEMENT3D(#489,$,$);
#491=IFCDIRECTION((0.,0.,1.));
#492=IFCEXTRUDEDAREASOLID(#488,#490,#491,3.5);
#493=IFCSHAPEREPRESENTATION(#16,'Body','SweptSolid',(#492));
#494=IFCPRODUCTDEFINITIONSHAPE($,$,(#493));
#500=IFCCARTESIANPOINT((1.5,0.050000000000000003,0.050000000000000003));
#501=IFCDIRECTION((0.,0.,1.));
#502=IFCDIRECTION((1.,0.,0.));
#503=IFCAXIS2PLACEMENT3D(#500,#501,#502);
#504=IFCLOCALPLACEMENT(#43,#503);
#505=IFCOWNERHISTORY(#3,#4,.READWRITE.,.MODIFIED.,1778919029,#3,#4,1778919029);
#506=IFCWALL('2VH3veIkLP5vbMho0YiBO3',#505,'FN-02',$,$,#525,#515,'FN-02');
#507=IFCCARTESIANPOINT((0.,0.));
#508=IFCAXIS2PLACEMENT2D(#507,$);
#509=IFCRECTANGLEPROFILEDEF(.AREA.,$,#508,0.14999999999999999,0.59999999999999998);
#510=IFCCARTESIANPOINT((0.,0.,0.));
#511=IFCAXIS2PLACEMENT3D(#510,$,$);
#512=IFCDIRECTION((0.,0.,1.));
#513=IFCEXTRUDEDAREASOLID(#509,#511,#512,3.5);
#514=IFCSHAPEREPRESENTATION(#16,'Body','SweptSolid',(#513));
#515=IFCPRODUCTDEFINITIONSHAPE($,$,(#514));
#521=IFCCARTESIANPOINT((13.,0.050000000000000003,0.050000000000000003));
#522=IFCDIRECTION((0.,0.,1.));
#523=IFCDIRECTION((1.,0.,0.));
#524=IFCAXIS2PLACEMENT3D(#521,#522,#523);
#525=IFCLOCALPLACEMENT(#43,#524);
#526=IFCOWNERHISTORY(#3,#4,.READWRITE.,.MODIFIED.,1778919029,#3,#4,1778919029);
#527=IFCWALL('0wNgoTRXjMXfKU_z34lg4V',#526,'FN-03',$,$,#546,#536,'FN-03');
#528=IFCCARTESIANPOINT((0.,0.));
#529=IFCAXIS2PLACEMENT2D(#528,$);
#530=IFCRECTANGLEPROFILEDEF(.AREA.,$,#529,0.59999999999999998,0.14999999999999999);
#531=IFCCARTESIANPOINT((0.,0.,0.));
#532=IFCAXIS2PLACEMENT3D(#531,$,$);
#533=IFCDIRECTION((0.,0.,1.));
#534=IFCEXTRUDEDAREASOLID(#530,#532,#533,3.5);
#535=IFCSHAPEREPRESENTATION(#16,'Body','SweptSolid',(#534));
#536=IFCPRODUCTDEFINITIONSHAPE($,$,(#535));
#542=IFCCARTESIANPOINT((14.4,1.5,0.050000000000000003));
#543=IFCDIRECTION((0.,0.,1.));
#544=IFCDIRECTION((1.,0.,0.));
#545=IFCAXIS2PLACEMENT3D(#542,#543,#544);
#546=IFCLOCALPLACEMENT(#43,#545);
#547=IFCOWNERHISTORY(#3,#4,.READWRITE.,.MODIFIED.,1778919029,#3,#4,1778919029);
#548=IFCWALL('1JehoPcc5IEQDljBPODbm3',#547,'FN-04',$,$,#567,#557,'FN-04');
#549=IFCCARTESIANPOINT((0.,0.));
#550=IFCAXIS2PLACEMENT2D(#549,$);
#551=IFCRECTANGLEPROFILEDEF(.AREA.,$,#550,0.59999999999999998,0.14999999999999999);
#552=IFCCARTESIANPOINT((0.,0.,0.));
#553=IFCAXIS2PLACEMENT3D(#552,$,$);
#554=IFCDIRECTION((0.,0.,1.));
#555=IFCEXTRUDEDAREASOLID(#551,#553,#554,3.5);
#556=IFCSHAPEREPRESENTATION(#16,'Body','SweptSolid',(#555));
#557=IFCPRODUCTDEFINITIONSHAPE($,$,(#556));
#563=IFCCARTESIANPOINT((14.4,13.,0.050000000000000003));
#564=IFCDIRECTION((0.,0.,1.));
#565=IFCDIRECTION((1.,0.,0.));
#566=IFCAXIS2PLACEMENT3D(#563,#564,#565);
#567=IFCLOCALPLACEMENT(#43,#566);
#568=IFCOWNERHISTORY(#3,#4,.READWRITE.,.MODIFIED.,1778919029,#3,#4,1778919029);
#569=IFCWALL('2lyOuwuFfRqB6vRqDXOY8w',#568,'FN-05',$,$,#588,#578,'FN-05');
#570=IFCCARTESIANPOINT((0.,0.));
#571=IFCAXIS2PLACEMENT2D(#570,$);
#572=IFCRECTANGLEPROFILEDEF(.AREA.,$,#571,0.14999999999999999,0.59999999999999998);
#573=IFCCARTESIANPOINT((0.,0.,0.));
#574=IFCAXIS2PLACEMENT3D(#573,$,$);
#575=IFCDIRECTION((0.,0.,1.));
#576=IFCEXTRUDEDAREASOLID(#572,#574,#575,3.5);
#577=IFCSHAPEREPRESENTATION(#16,'Body','SweptSolid',(#576));
#578=IFCPRODUCTDEFINITIONSHAPE($,$,(#577));
#584=IFCCARTESIANPOINT((13.,14.800000000000001,0.050000000000000003));
#585=IFCDIRECTION((0.,0.,1.));
#586=IFCDIRECTION((1.,0.,0.));
#587=IFCAXIS2PLACEMENT3D(#584,#585,#586);
#588=IFCLOCALPLACEMENT(#43,#587);
#589=IFCOWNERHISTORY(#3,#4,.READWRITE.,.MODIFIED.,1778919029,#3,#4,1778919029);
#590=IFCWALL('0S20Nf18zQauxYZ7c90Zh_',#589,'FN-06',$,$,#609,#599,'FN-06');
#591=IFCCARTESIANPOINT((0.,0.));
#592=IFCAXIS2PLACEMENT2D(#591,$);
#593=IFCRECTANGLEPROFILEDEF(.AREA.,$,#592,0.14999999999999999,0.59999999999999998);
#594=IFCCARTESIANPOINT((0.,0.,0.));
#595=IFCAXIS2PLACEMENT3D(#594,$,$);
#596=IFCDIRECTION((0.,0.,1.));
#597=IFCEXTRUDEDAREASOLID(#593,#595,#596,3.5);
#598=IFCSHAPEREPRESENTATION(#16,'Body','SweptSolid',(#597));
#599=IFCPRODUCTDEFINITIONSHAPE($,$,(#598));
#605=IFCCARTESIANPOINT((1.5,14.800000000000001,0.050000000000000003));
#606=IFCDIRECTION((0.,0.,1.));
#607=IFCDIRECTION((1.,0.,0.));
#608=IFCAXIS2PLACEMENT3D(#605,#606,#607);
#609=IFCLOCALPLACEMENT(#43,#608);
#610=IFCOWNERHISTORY(#3,#4,.READWRITE.,.MODIFIED.,1778919029,#3,#4,1778919029);
#611=IFCWALL('2zc$FOVxnOnfI3IWH3c7nX',#610,'FN-07',$,$,#630,#620,'FN-07');
#612=IFCCARTESIANPOINT((0.,0.));
#613=IFCAXIS2PLACEMENT2D(#612,$);
#614=IFCRECTANGLEPROFILEDEF(.AREA.,$,#613,0.59999999999999998,0.14999999999999999);
#615=IFCCARTESIANPOINT((0.,0.,0.));
#616=IFCAXIS2PLACEMENT3D(#615,$,$);
#617=IFCDIRECTION((0.,0.,1.));
#618=IFCEXTRUDEDAREASOLID(#614,#616,#617,3.5);
#619=IFCSHAPEREPRESENTATION(#16,'Body','SweptSolid',(#618));
#620=IFCPRODUCTDEFINITIONSHAPE($,$,(#619));
#626=IFCCARTESIANPOINT((0.050000000000000003,13.,0.050000000000000003));
#627=IFCDIRECTION((0.,0.,1.));
#628=IFCDIRECTION((1.,0.,0.));
#629=IFCAXIS2PLACEMENT3D(#626,#627,#628);
#630=IFCLOCALPLACEMENT(#43,#629);
#631=IFCOWNERHISTORY(#3,#4,.READWRITE.,.MODIFIED.,1778919029,#3,#4,1778919029);
#632=IFCWALL('2OZA1yEubNWRlhHZy$GMFO',#631,'FN-08',$,$,#651,#641,'FN-08');
#633=IFCCARTESIANPOINT((0.,0.));
#634=IFCAXIS2PLACEMENT2D(#633,$);
#635=IFCRECTANGLEPROFILEDEF(.AREA.,$,#634,0.59999999999999998,0.14999999999999999);
#636=IFCCARTESIANPOINT((0.,0.,0.));
#637=IFCAXIS2PLACEMENT3D(#636,$,$);
#638=IFCDIRECTION((0.,0.,1.));
#639=IFCEXTRUDEDAREASOLID(#635,#637,#638,3.5);
#640=IFCSHAPEREPRESENTATION(#16,'Body','SweptSolid',(#639));
#641=IFCPRODUCTDEFINITIONSHAPE($,$,(#640));
#647=IFCCARTESIANPOINT((0.050000000000000003,1.5,0.050000000000000003));
#648=IFCDIRECTION((0.,0.,1.));
#649=IFCDIRECTION((1.,0.,0.));
#650=IFCAXIS2PLACEMENT3D(#647,#648,#649);
#651=IFCLOCALPLACEMENT(#43,#650);
#652=IFCOWNERHISTORY(#3,#4,.READWRITE.,.MODIFIED.,1778919029,#3,#4,1778919029);
#653=IFCBUILDINGELEMENTPROXY('3cGw1i6e1PbODCo0vb6lQv',#652,'FN-01-LETTER',$,'Fin Lettering',#672,#662,'FN-01-LETTER',.ELEMENT.);
#654=IFCCARTESIANPOINT((0.,0.));
#655=IFCAXIS2PLACEMENT2D(#654,$);
#656=IFCRECTANGLEPROFILEDEF(.AREA.,$,#655,0.040000000000000001,0.14999999999999999);
#657=IFCCARTESIANPOINT((0.,0.,0.));
#658=IFCAXIS2PLACEMENT3D(#657,$,$);
#659=IFCDIRECTION((0.,0.,1.));
#660=IFCEXTRUDEDAREASOLID(#656,#658,#659,1.5);
#661=IFCSHAPEREPRESENTATION(#16,'Body','SweptSolid',(#660));
#662=IFCPRODUCTDEFINITIONSHAPE($,$,(#661));
#668=IFCCARTESIANPOINT((1.5,0.59999999999999998,1.5));
#669=IFCDIRECTION((0.,0.,1.));
#670=IFCDIRECTION((1.,0.,0.));
#671=IFCAXIS2PLACEMENT3D(#668,#669,#670);
#672=IFCLOCALPLACEMENT(#43,#671);
#673=IFCOWNERHISTORY(#3,#4,.READWRITE.,.MODIFIED.,1778919029,#3,#4,1778919029);
#674=IFCBUILDINGELEMENTPROXY('3JGAveCsvVF8e$8mr2e$n_',#673,'FN-02-LETTER',$,'Fin Lettering',#693,#683,'FN-02-LETTER',.ELEMENT.);
#675=IFCCARTESIANPOINT((0.,0.));
#676=IFCAXIS2PLACEMENT2D(#675,$);
#677=IFCRECTANGLEPROFILEDEF(.AREA.,$,#676,0.040000000000000001,0.14999999999999999);
#678=IFCCARTESIANPOINT((0.,0.,0.));
#679=IFCAXIS2PLACEMENT3D(#678,$,$);
#680=IFCDIRECTION((0.,0.,1.));
#681=IFCEXTRUDEDAREASOLID(#677,#679,#680,1.5);
#682=IFCSHAPEREPRESENTATION(#16,'Body','SweptSolid',(#681));
#683=IFCPRODUCTDEFINITIONSHAPE($,$,(#682));
#689=IFCCARTESIANPOINT((13.,0.59999999999999998,1.5));
#690=IFCDIRECTION((0.,0.,1.));
#691=IFCDIRECTION((1.,0.,0.));
#692=IFCAXIS2PLACEMENT3D(#689,#690,#691);
#693=IFCLOCALPLACEMENT(#43,#692);
#694=IFCOWNERHISTORY(#3,#4,.READWRITE.,.MODIFIED.,1778919029,#3,#4,1778919029);
#695=IFCBUILDINGELEMENTPROXY('3EiVetIazM4fhq4CSsJuiH',#694,'FN-03-LETTER',$,'Fin Lettering',#714,#704,'FN-03-LETTER',.ELEMENT.);
#696=IFCCARTESIANPOINT((0.,0.));
#697=IFCAXIS2PLACEMENT2D(#696,$);
#698=IFCRECTANGLEPROFILEDEF(.AREA.,$,#697,0.14999999999999999,0.040000000000000001);
#699=IFCCARTESIANPOINT((0.,0.,0.));
#700=IFCAXIS2PLACEMENT3D(#699,$,$);
#701=IFCDIRECTION((0.,0.,1.));
#702=IFCEXTRUDEDAREASOLID(#698,#700,#701,1.5);
#703=IFCSHAPEREPRESENTATION(#16,'Body','SweptSolid',(#702));
#704=IFCPRODUCTDEFINITIONSHAPE($,$,(#703));
#710=IFCCARTESIANPOINT((14.35,1.5,1.5));
#711=IFCDIRECTION((0.,0.,1.));
#712=IFCDIRECTION((1.,0.,0.));
#713=IFCAXIS2PLACEMENT3D(#710,#711,#712);
#714=IFCLOCALPLACEMENT(#43,#713);
#715=IFCOWNERHISTORY(#3,#4,.READWRITE.,.MODIFIED.,1778919029,#3,#4,1778919029);
#716=IFCBUILDINGELEMENTPROXY('3Nx0P0KYDVpBGJEDGfk6uG',#715,'FN-04-LETTER',$,'Fin Lettering',#735,#725,'FN-04-LETTER',.ELEMENT.);
#717=IFCCARTESIANPOINT((0.,0.));
#718=IFCAXIS2PLACEMENT2D(#717,$);
#719=IFCRECTANGLEPROFILEDEF(.AREA.,$,#718,0.14999999999999999,0.040000000000000001);
#720=IFCCARTESIANPOINT((0.,0.,0.));
#721=IFCAXIS2PLACEMENT3D(#720,$,$);
#722=IFCDIRECTION((0.,0.,1.));
#723=IFCEXTRUDEDAREASOLID(#719,#721,#722,1.5);
#724=IFCSHAPEREPRESENTATION(#16,'Body','SweptSolid',(#723));
#725=IFCPRODUCTDEFINITIONSHAPE($,$,(#724));
#731=IFCCARTESIANPOINT((14.35,13.,1.5));
#732=IFCDIRECTION((0.,0.,1.));
#733=IFCDIRECTION((1.,0.,0.));
#734=IFCAXIS2PLACEMENT3D(#731,#732,#733);
#735=IFCLOCALPLACEMENT(#43,#734);
#736=IFCOWNERHISTORY(#3,#4,.READWRITE.,.MODIFIED.,1778919029,#3,#4,1778919029);
#737=IFCBUILDINGELEMENTPROXY('2DH2XUaqPI7PLq_8tVB5$$',#736,'FN-05-LETTER',$,'Fin Lettering',#756,#746,'FN-05-LETTER',.ELEMENT.);
#738=IFCCARTESIANPOINT((0.,0.));
#739=IFCAXIS2PLACEMENT2D(#738,$);
#740=IFCRECTANGLEPROFILEDEF(.AREA.,$,#739,0.040000000000000001,0.14999999999999999);
#741=IFCCARTESIANPOINT((0.,0.,0.));
#742=IFCAXIS2PLACEMENT3D(#741,$,$);
#743=IFCDIRECTION((0.,0.,1.));
#744=IFCEXTRUDEDAREASOLID(#740,#742,#743,1.5);
#745=IFCSHAPEREPRESENTATION(#16,'Body','SweptSolid',(#744));
#746=IFCPRODUCTDEFINITIONSHAPE($,$,(#745));
#752=IFCCARTESIANPOINT((13.,14.779999999999999,1.5));
#753=IFCDIRECTION((0.,0.,1.));
#754=IFCDIRECTION((1.,0.,0.));
#755=IFCAXIS2PLACEMENT3D(#752,#753,#754);
#756=IFCLOCALPLACEMENT(#43,#755);
#757=IFCOWNERHISTORY(#3,#4,.READWRITE.,.MODIFIED.,1778919029,#3,#4,1778919029);
#758=IFCBUILDINGELEMENTPROXY('123TTt$_PJKfjtHGUy$9Mc',#757,'FN-06-LETTER',$,'Fin Lettering',#777,#767,'FN-06-LETTER',.ELEMENT.);
#759=IFCCARTESIANPOINT((0.,0.));
#760=IFCAXIS2PLACEMENT2D(#759,$);
#761=IFCRECTANGLEPROFILEDEF(.AREA.,$,#760,0.040000000000000001,0.14999999999999999);
#762=IFCCARTESIANPOINT((0.,0.,0.));
#763=IFCAXIS2PLACEMENT3D(#762,$,$);
#764=IFCDIRECTION((0.,0.,1.));
#765=IFCEXTRUDEDAREASOLID(#761,#763,#764,1.5);
#766=IFCSHAPEREPRESENTATION(#16,'Body','SweptSolid',(#765));
#767=IFCPRODUCTDEFINITIONSHAPE($,$,(#766));
#773=IFCCARTESIANPOINT((1.5,14.779999999999999,1.5));
#774=IFCDIRECTION((0.,0.,1.));
#775=IFCDIRECTION((1.,0.,0.));
#776=IFCAXIS2PLACEMENT3D(#773,#774,#775);
#777=IFCLOCALPLACEMENT(#43,#776);
#778=IFCOWNERHISTORY(#3,#4,.READWRITE.,.MODIFIED.,1778919029,#3,#4,1778919029);
#779=IFCBUILDINGELEMENTPROXY('2s4WFjEFPK_AFx5qxXe7dv',#778,'FN-07-LETTER',$,'Fin Lettering',#798,#788,'FN-07-LETTER',.ELEMENT.);
#780=IFCCARTESIANPOINT((0.,0.));
#781=IFCAXIS2PLACEMENT2D(#780,$);
#782=IFCRECTANGLEPROFILEDEF(.AREA.,$,#781,0.14999999999999999,0.040000000000000001);
#783=IFCCARTESIANPOINT((0.,0.,0.));
#784=IFCAXIS2PLACEMENT3D(#783,$,$);
#785=IFCDIRECTION((0.,0.,1.));
#786=IFCEXTRUDEDAREASOLID(#782,#784,#785,1.5);
#787=IFCSHAPEREPRESENTATION(#16,'Body','SweptSolid',(#786));
#788=IFCPRODUCTDEFINITIONSHAPE($,$,(#787));
#794=IFCCARTESIANPOINT((0.070000000000000007,13.,1.5));
#795=IFCDIRECTION((0.,0.,1.));
#796=IFCDIRECTION((1.,0.,0.));
#797=IFCAXIS2PLACEMENT3D(#794,#795,#796);
#798=IFCLOCALPLACEMENT(#43,#797);
#799=IFCOWNERHISTORY(#3,#4,.READWRITE.,.MODIFIED.,1778919029,#3,#4,1778919029);
#800=IFCBUILDINGELEMENTPROXY('2EMC8Y2YPV8gyyIfIliw9j',#799,'FN-08-LETTER',$,'Fin Lettering',#819,#809,'FN-08-LETTER',.ELEMENT.);
#801=IFCCARTESIANPOINT((0.,0.));
#802=IFCAXIS2PLACEMENT2D(#801,$);
#803=IFCRECTANGLEPROFILEDEF(.AREA.,$,#802,0.14999999999999999,0.040000000000000001);
#804=IFCCARTESIANPOINT((0.,0.,0.));
#805=IFCAXIS2PLACEMENT3D(#804,$,$);
#806=IFCDIRECTION((0.,0.,1.));
#807=IFCEXTRUDEDAREASOLID(#803,#805,#806,1.5);
#808=IFCSHAPEREPRESENTATION(#16,'Body','SweptSolid',(#807));
#809=IFCPRODUCTDEFINITIONSHAPE($,$,(#808));
#815=IFCCARTESIANPOINT((0.070000000000000007,1.5,1.5));
#816=IFCDIRECTION((0.,0.,1.));
#817=IFCDIRECTION((1.,0.,0.));
#818=IFCAXIS2PLACEMENT3D(#815,#816,#817);
#819=IFCLOCALPLACEMENT(#43,#818);
#820=IFCOWNERHISTORY(#3,#4,.READWRITE.,.MODIFIED.,1778919037,#3,#4,1778919037);
#821=IFCFURNISHINGELEMENT('0pf5yy4xrKpv$c6WThSdGw',#820,'RC-01-BODY',$,'Reception Desk',#840,#830,'RC-01-BODY');
#822=IFCCARTESIANPOINT((0.,0.));
#823=IFCAXIS2PLACEMENT2D(#822,$);
#824=IFCRECTANGLEPROFILEDEF(.AREA.,$,#823,2.5,0.69999999999999996);
#825=IFCCARTESIANPOINT((0.,0.,0.));
#826=IFCAXIS2PLACEMENT3D(#825,$,$);
#827=IFCDIRECTION((0.,0.,1.));
#828=IFCEXTRUDEDAREASOLID(#824,#826,#827,1.1000000000000001);
#829=IFCSHAPEREPRESENTATION(#16,'Body','SweptSolid',(#828));
#830=IFCPRODUCTDEFINITIONSHAPE($,$,(#829));
#836=IFCCARTESIANPOINT((0.29999999999999999,12.300000000000001,0.050000000000000003));
#837=IFCDIRECTION((0.,0.,1.));
#838=IFCDIRECTION((1.,0.,0.));
#839=IFCAXIS2PLACEMENT3D(#836,#837,#838);
#840=IFCLOCALPLACEMENT(#43,#839);
#841=IFCOWNERHISTORY(#3,#4,.READWRITE.,.MODIFIED.,1778919037,#3,#4,1778919037);
#842=IFCFURNISHINGELEMENT('1i4pluRsfOthZHp72YxTZ9',#841,'RC-01-RETURN',$,'Reception Desk Return',#861,#851,'RC-01-RETURN');
#843=IFCCARTESIANPOINT((0.,0.));
#844=IFCAXIS2PLACEMENT2D(#843,$);
#845=IFCRECTANGLEPROFILEDEF(.AREA.,$,#844,0.69999999999999996,2.);
#846=IFCCARTESIANPOINT((0.,0.,0.));
#847=IFCAXIS2PLACEMENT3D(#846,$,$);
#848=IFCDIRECTION((0.,0.,1.));
#849=IFCEXTRUDEDAREASOLID(#845,#847,#848,1.1000000000000001);
#850=IFCSHAPEREPRESENTATION(#16,'Body','SweptSolid',(#849));
#851=IFCPRODUCTDEFINITIONSHAPE($,$,(#850));
#857=IFCCARTESIANPOINT((0.29999999999999999,12.300000000000001,0.050000000000000003));
#858=IFCDIRECTION((0.,0.,1.));
#859=IFCDIRECTION((1.,0.,0.));
#860=IFCAXIS2PLACEMENT3D(#857,#858,#859);
#861=IFCLOCALPLACEMENT(#43,#860);
#862=IFCOWNERHISTORY(#3,#4,.READWRITE.,.MODIFIED.,1778919037,#3,#4,1778919037);
#863=IFCCOVERING('1gf_KjPsHHNxASVkxElhai',#862,'RC-01-TOP',$,$,#882,#872,'RC-01-TOP',.FLOORING.);
#864=IFCCARTESIANPOINT((0.,0.));
#865=IFCAXIS2PLACEMENT2D(#864,$);
#866=IFCRECTANGLEPROFILEDEF(.AREA.,$,#865,2.7000000000000002,0.90000000000000002);
#867=IFCCARTESIANPOINT((0.,0.,0.));
#868=IFCAXIS2PLACEMENT3D(#867,$,$);
#869=IFCDIRECTION((0.,0.,1.));
#870=IFCEXTRUDEDAREASOLID(#866,#868,#869,0.040000000000000001);
#871=IFCSHAPEREPRESENTATION(#16,'Body','SweptSolid',(#870));
#872=IFCPRODUCTDEFINITIONSHAPE($,$,(#871));
#878=IFCCARTESIANPOINT((0.20000000000000001,12.199999999999999,1.1499999999999999));
#879=IFCDIRECTION((0.,0.,1.));
#880=IFCDIRECTION((1.,0.,0.));
#881=IFCAXIS2PLACEMENT3D(#878,#879,#880);
#882=IFCLOCALPLACEMENT(#43,#881);
#883=IFCOWNERHISTORY(#3,#4,.READWRITE.,.MODIFIED.,1778919037,#3,#4,1778919037);
#884=IFCCOVERING('1ALemF0zrQzuKD6aruOUwM',#883,'RC-01-TOE-N',$,$,#903,#893,'RC-01-TOE-N',.FLOORING.);
#885=IFCCARTESIANPOINT((0.,0.));
#886=IFCAXIS2PLACEMENT2D(#885,$);
#887=IFCRECTANGLEPROFILEDEF(.AREA.,$,#886,2.5,0.050000000000000003);
#888=IFCCARTESIANPOINT((0.,0.,0.));
#889=IFCAXIS2PLACEMENT3D(#888,$,$);
#890=IFCDIRECTION((0.,0.,1.));
#891=IFCEXTRUDEDAREASOLID(#887,#889,#890,0.10000000000000001);
#892=IFCSHAPEREPRESENTATION(#16,'Body','SweptSolid',(#891));
#893=IFCPRODUCTDEFINITIONSHAPE($,$,(#892));
#899=IFCCARTESIANPOINT((0.29999999999999999,12.949999999999999,0.050000000000000003));
#900=IFCDIRECTION((0.,0.,1.));
#901=IFCDIRECTION((1.,0.,0.));
#902=IFCAXIS2PLACEMENT3D(#899,#900,#901);
#903=IFCLOCALPLACEMENT(#43,#902);
#904=IFCOWNERHISTORY(#3,#4,.READWRITE.,.MODIFIED.,1778919037,#3,#4,1778919037);
#905=IFCCOVERING('2xrioviF1Oa8Ed9IPjH7Al',#904,'RC-01-TOE-E',$,$,#924,#914,'RC-01-TOE-E',.FLOORING.);
#906=IFCCARTESIANPOINT((0.,0.));
#907=IFCAXIS2PLACEMENT2D(#906,$);
#908=IFCRECTANGLEPROFILEDEF(.AREA.,$,#907,0.050000000000000003,0.69999999999999996);
#909=IFCCARTESIANPOINT((0.,0.,0.));
#910=IFCAXIS2PLACEMENT3D(#909,$,$);
#911=IFCDIRECTION((0.,0.,1.));
#912=IFCEXTRUDEDAREASOLID(#908,#910,#911,0.10000000000000001);
#913=IFCSHAPEREPRESENTATION(#16,'Body','SweptSolid',(#912));
#914=IFCPRODUCTDEFINITIONSHAPE($,$,(#913));
#920=IFCCARTESIANPOINT((2.75,12.300000000000001,0.050000000000000003));
#921=IFCDIRECTION((0.,0.,1.));
#922=IFCDIRECTION((1.,0.,0.));
#923=IFCAXIS2PLACEMENT3D(#920,#921,#922);
#924=IFCLOCALPLACEMENT(#43,#923);
#925=IFCOWNERHISTORY(#3,#4,.READWRITE.,.MODIFIED.,1778919037,#3,#4,1778919037);
#926=IFCCOVERING('0tav3Uwh5MGwfLukaWfiso',#925,'RC-01-TOE-S',$,$,#945,#935,'RC-01-TOE-S',.FLOORING.);
#927=IFCCARTESIANPOINT((0.,0.));
#928=IFCAXIS2PLACEMENT2D(#927,$);
#929=IFCRECTANGLEPROFILEDEF(.AREA.,$,#928,2.5,0.050000000000000003);
#930=IFCCARTESIANPOINT((0.,0.,0.));
#931=IFCAXIS2PLACEMENT3D(#930,$,$);
#932=IFCDIRECTION((0.,0.,1.));
#933=IFCEXTRUDEDAREASOLID(#929,#931,#932,0.10000000000000001);
#934=IFCSHAPEREPRESENTATION(#16,'Body','SweptSolid',(#933));
#935=IFCPRODUCTDEFINITIONSHAPE($,$,(#934));
#941=IFCCARTESIANPOINT((0.29999999999999999,12.25,0.050000000000000003));
#942=IFCDIRECTION((0.,0.,1.));
#943=IFCDIRECTION((1.,0.,0.));
#944=IFCAXIS2PLACEMENT3D(#941,#942,#943);
#945=IFCLOCALPLACEMENT(#43,#944);
#946=IFCOWNERHISTORY(#3,#4,.READWRITE.,.MODIFIED.,1778919037,#3,#4,1778919037);
#947=IFCCOVERING('2VH3veIkLP5vbMho0YiBO3',#946,'RC-01-TOE-W',$,$,#966,#956,'RC-01-TOE-W',.FLOORING.);
#948=IFCCARTESIANPOINT((0.,0.));
#949=IFCAXIS2PLACEMENT2D(#948,$);
#950=IFCRECTANGLEPROFILEDEF(.AREA.,$,#949,0.050000000000000003,0.69999999999999996);
#951=IFCCARTESIANPOINT((0.,0.,0.));
#952=IFCAXIS2PLACEMENT3D(#951,$,$);
#953=IFCDIRECTION((0.,0.,1.));
#954=IFCEXTRUDEDAREASOLID(#950,#952,#953,0.10000000000000001);
#955=IFCSHAPEREPRESENTATION(#16,'Body','SweptSolid',(#954));
#956=IFCPRODUCTDEFINITIONSHAPE($,$,(#955));
#962=IFCCARTESIANPOINT((0.25,12.300000000000001,0.050000000000000003));
#963=IFCDIRECTION((0.,0.,1.));
#964=IFCDIRECTION((1.,0.,0.));
#965=IFCAXIS2PLACEMENT3D(#962,#963,#964);
#966=IFCLOCALPLACEMENT(#43,#965);
#967=IFCOWNERHISTORY(#3,#4,.READWRITE.,.MODIFIED.,1778919037,#3,#4,1778919037);
#968=IFCWALL('0wNgoTRXjMXfKU_z34lg4V',#967,'WL-RC-01',$,$,#987,#977,'WL-RC-01');
#969=IFCCARTESIANPOINT((0.,0.));
#970=IFCAXIS2PLACEMENT2D(#969,$);
#971=IFCRECTANGLEPROFILEDEF(.AREA.,$,#970,3.,0.14999999999999999);
#972=IFCCARTESIANPOINT((0.,0.,0.));
#973=IFCAXIS2PLACEMENT3D(#972,$,$);
#974=IFCDIRECTION((0.,0.,1.));
#975=IFCEXTRUDEDAREASOLID(#971,#973,#974,3.5);
#976=IFCSHAPEREPRESENTATION(#16,'Body','SweptSolid',(#975));
#977=IFCPRODUCTDEFINITIONSHAPE($,$,(#976));
#983=IFCCARTESIANPOINT((0.050000000000000003,14.65,0.050000000000000003));
#984=IFCDIRECTION((0.,0.,1.));
#985=IFCDIRECTION((1.,0.,0.));
#986=IFCAXIS2PLACEMENT3D(#983,#984,#985);
#987=IFCLOCALPLACEMENT(#43,#986);
#988=IFCOWNERHISTORY(#3,#4,.READWRITE.,.MODIFIED.,1778919037,#3,#4,1778919037);
#989=IFCBUILDINGELEMENTPROXY('1JehoPcc5IEQDljBPODbm3',#988,'WL-RC-01-LETTER',$,'Reception Wordmark',#1008,#998,'WL-RC-01-LETTER',.ELEMENT.);
#990=IFCCARTESIANPOINT((0.,0.));
#991=IFCAXIS2PLACEMENT2D(#990,$);
#992=IFCRECTANGLEPROFILEDEF(.AREA.,$,#991,1.8,0.029999999999999999);
#993=IFCCARTESIANPOINT((0.,0.,0.));
#994=IFCAXIS2PLACEMENT3D(#993,$,$);
#995=IFCDIRECTION((0.,0.,1.));
#996=IFCEXTRUDEDAREASOLID(#992,#994,#995,0.40000000000000002);
#997=IFCSHAPEREPRESENTATION(#16,'Body','SweptSolid',(#996));
#998=IFCPRODUCTDEFINITIONSHAPE($,$,(#997));
#1004=IFCCARTESIANPOINT((0.69999999999999996,14.6,2.));
#1005=IFCDIRECTION((0.,0.,1.));
#1006=IFCDIRECTION((1.,0.,0.));
#1007=IFCAXIS2PLACEMENT3D(#1004,#1005,#1006);
#1008=IFCLOCALPLACEMENT(#43,#1007);
#1009=IFCOWNERHISTORY(#3,#4,.READWRITE.,.MODIFIED.,1778919037,#3,#4,1778919037);
#1010=IFCCOLUMN('2lyOuwuFfRqB6vRqDXOY8w',#1009,'CC-01-BASE',$,$,#1027,#1019,'CC-01-BASE');
#1011=IFCCARTESIANPOINT((0.,0.));
#1012=IFCAXIS2PLACEMENT2D(#1011,$);
#1013=IFCCIRCLEPROFILEDEF(.AREA.,$,#1012,2.7999999999999998);
#1014=IFCCARTESIANPOINT((0.,0.,0.));
#1015=IFCAXIS2PLACEMENT3D(#1014,$,$);
#1016=IFCDIRECTION((0.,0.,1.));
#1017=IFCEXTRUDEDAREASOLID(#1013,#1015,#1016,0.90000000000000002);
#1018=IFCSHAPEREPRESENTATION(#16,'Body','SweptSolid',(#1017));
#1019=IFCPRODUCTDEFINITIONSHAPE($,$,(#1018));
#1023=IFCCARTESIANPOINT((7.5,7.5,0.050000000000000003));
#1024=IFCDIRECTION((0.,0.,1.));
#1025=IFCDIRECTION((1.,0.,0.));
#1026=IFCAXIS2PLACEMENT3D(#1023,#1024,#1025);
#1027=IFCLOCALPLACEMENT(#43,#1026);
#1028=IFCOWNERHISTORY(#3,#4,.READWRITE.,.MODIFIED.,1778919049,#3,#4,1778919049);
#1029=IFCCOVERING('0pf5yy4xrKpv$c6WThSdGw',#1028,'CC-01-TOP',$,$,#1048,#1038,'CC-01-TOP',.FLOORING.);
#1030=IFCCARTESIANPOINT((0.,0.));
#1031=IFCAXIS2PLACEMENT2D(#1030,$);
#1032=IFCRECTANGLEPROFILEDEF(.AREA.,$,#1031,6.,6.);
#1033=IFCCARTESIANPOINT((0.,0.,0.));
#1034=IFCAXIS2PLACEMENT3D(#1033,$,$);
#1035=IFCDIRECTION((0.,0.,1.));
#1036=IFCEXTRUDEDAREASOLID(#1032,#1034,#1035,0.040000000000000001);
#1037=IFCSHAPEREPRESENTATION(#16,'Body','SweptSolid',(#1036));
#1038=IFCPRODUCTDEFINITIONSHAPE($,$,(#1037));
#1044=IFCCARTESIANPOINT((4.5,4.5,0.94999999999999996));
#1045=IFCDIRECTION((0.,0.,1.));
#1046=IFCDIRECTION((1.,0.,0.));
#1047=IFCAXIS2PLACEMENT3D(#1044,#1045,#1046);
#1048=IFCLOCALPLACEMENT(#43,#1047);
#1049=IFCOWNERHISTORY(#3,#4,.READWRITE.,.MODIFIED.,1778919049,#3,#4,1778919049);
#1050=IFCCOVERING('1i4pluRsfOthZHp72YxTZ9',#1049,'CC-01-TRIM',$,$,#1069,#1059,'CC-01-TRIM',.FLOORING.);
#1051=IFCCARTESIANPOINT((0.,0.));
#1052=IFCAXIS2PLACEMENT2D(#1051,$);
#1053=IFCRECTANGLEPROFILEDEF(.AREA.,$,#1052,6.,6.);
#1054=IFCCARTESIANPOINT((0.,0.,0.));
#1055=IFCAXIS2PLACEMENT3D(#1054,$,$);
#1056=IFCDIRECTION((0.,0.,1.));
#1057=IFCEXTRUDEDAREASOLID(#1053,#1055,#1056,0.02);
#1058=IFCSHAPEREPRESENTATION(#16,'Body','SweptSolid',(#1057));
#1059=IFCPRODUCTDEFINITIONSHAPE($,$,(#1058));
#1065=IFCCARTESIANPOINT((4.5,4.5,0.98999999999999999));
#1066=IFCDIRECTION((0.,0.,1.));
#1067=IFCDIRECTION((1.,0.,0.));
#1068=IFCAXIS2PLACEMENT3D(#1065,#1066,#1067);
#1069=IFCLOCALPLACEMENT(#43,#1068);
#1070=IFCOWNERHISTORY(#3,#4,.READWRITE.,.MODIFIED.,1778919049,#3,#4,1778919049);
#1071=IFCCOVERING('1gf_KjPsHHNxASVkxElhai',#1070,'CC-01-TOE',$,$,#1090,#1080,'CC-01-TOE',.FLOORING.);
#1072=IFCCARTESIANPOINT((0.,0.));
#1073=IFCAXIS2PLACEMENT2D(#1072,$);
#1074=IFCRECTANGLEPROFILEDEF(.AREA.,$,#1073,5.7000000000000002,5.7000000000000002);
#1075=IFCCARTESIANPOINT((0.,0.,0.));
#1076=IFCAXIS2PLACEMENT3D(#1075,$,$);
#1077=IFCDIRECTION((0.,0.,1.));
#1078=IFCEXTRUDEDAREASOLID(#1074,#1076,#1077,0.10000000000000001);
#1079=IFCSHAPEREPRESENTATION(#16,'Body','SweptSolid',(#1078));
#1080=IFCPRODUCTDEFINITIONSHAPE($,$,(#1079));
#1086=IFCCARTESIANPOINT((4.6500000000000004,4.6500000000000004,0.050000000000000003));
#1087=IFCDIRECTION((0.,0.,1.));
#1088=IFCDIRECTION((1.,0.,0.));
#1089=IFCAXIS2PLACEMENT3D(#1086,#1087,#1088);
#1090=IFCLOCALPLACEMENT(#43,#1089);
#1091=IFCOWNERHISTORY(#3,#4,.READWRITE.,.MODIFIED.,1778919049,#3,#4,1778919049);
#1092=IFCFURNISHINGELEMENT('1ALemF0zrQzuKD6aruOUwM',#1091,'CN-01-MACHINE',$,'Espresso Machine',#1111,#1101,'CN-01-MACHINE');
#1093=IFCCARTESIANPOINT((0.,0.));
#1094=IFCAXIS2PLACEMENT2D(#1093,$);
#1095=IFCRECTANGLEPROFILEDEF(.AREA.,$,#1094,0.65000000000000002,0.55000000000000004);
#1096=IFCCARTESIANPOINT((0.,0.,0.));
#1097=IFCAXIS2PLACEMENT3D(#1096,$,$);
#1098=IFCDIRECTION((0.,0.,1.));
#1099=IFCEXTRUDEDAREASOLID(#1095,#1097,#1098,0.55000000000000004);
#1100=IFCSHAPEREPRESENTATION(#16,'Body','SweptSolid',(#1099));
#1101=IFCPRODUCTDEFINITIONSHAPE($,$,(#1100));
#1107=IFCCARTESIANPOINT((7.,7.,1.));
#1108=IFCDIRECTION((0.,0.,1.));
#1109=IFCDIRECTION((1.,0.,0.));
#1110=IFCAXIS2PLACEMENT3D(#1107,#1108,#1109);
#1111=IFCLOCALPLACEMENT(#43,#1110);
#1112=IFCOWNERHISTORY(#3,#4,.READWRITE.,.MODIFIED.,1778919049,#3,#4,1778919049);
#1113=IFCBUILDINGELEMENTPROXY('2xrioviF1Oa8Ed9IPjH7Al',#1112,'CN-01-GROUP',$,'Group Head',#1132,#1122,'CN-01-GROUP',.ELEMENT.);
#1114=IFCCARTESIANPOINT((0.,0.));
#1115=IFCAXIS2PLACEMENT2D(#1114,$);
#1116=IFCRECTANGLEPROFILEDEF(.AREA.,$,#1115,0.34999999999999998,0.059999999999999998);
#1117=IFCCARTESIANPOINT((0.,0.,0.));
#1118=IFCAXIS2PLACEMENT3D(#1117,$,$);
#1119=IFCDIRECTION((0.,0.,1.));
#1120=IFCEXTRUDEDAREASOLID(#1116,#1118,#1119,0.059999999999999998);
#1121=IFCSHAPEREPRESENTATION(#16,'Body','SweptSolid',(#1120));
#1122=IFCPRODUCTDEFINITIONSHAPE($,$,(#1121));
#1128=IFCCARTESIANPOINT((7.1500000000000004,7.5499999999999998,0.97999999999999998));
#1129=IFCDIRECTION((0.,0.,1.));
#1130=IFCDIRECTION((1.,0.,0.));
#1131=IFCAXIS2PLACEMENT3D(#1128,#1129,#1130);
#1132=IFCLOCALPLACEMENT(#43,#1131);
#1133=IFCOWNERHISTORY(#3,#4,.READWRITE.,.MODIFIED.,1778919049,#3,#4,1778919049);
#1134=IFCCOVERING('0tav3Uwh5MGwfLukaWfiso',#1133,'CN-01-CANOPY',$,$,#1153,#1143,'CN-01-CANOPY',.FLOORING.);
#1135=IFCCARTESIANPOINT((0.,0.));
#1136=IFCAXIS2PLACEMENT2D(#1135,$);
#1137=IFCRECTANGLEPROFILEDEF(.AREA.,$,#1136,4.,4.);
#1138=IFCCARTESIANPOINT((0.,0.,0.));
#1139=IFCAXIS2PLACEMENT3D(#1138,$,$);
#1140=IFCDIRECTION((0.,0.,1.));
#1141=IFCEXTRUDEDAREASOLID(#1137,#1139,#1140,0.050000000000000003);
#1142=IFCSHAPEREPRESENTATION(#16,'Body','SweptSolid',(#1141));
#1143=IFCPRODUCTDEFINITIONSHAPE($,$,(#1142));
#1149=IFCCARTESIANPOINT((5.5,5.5,3.5));
#1150=IFCDIRECTION((0.,0.,1.));
#1151=IFCDIRECTION((1.,0.,0.));
#1152=IFCAXIS2PLACEMENT3D(#1149,#1150,#1151);
#1153=IFCLOCALPLACEMENT(#43,#1152);
#1154=IFCOWNERHISTORY(#3,#4,.READWRITE.,.MODIFIED.,1778919049,#3,#4,1778919049);
#1155=IFCCOLUMN('2VH3veIkLP5vbMho0YiBO3',#1154,'CN-01-SUPPORT-L',$,$,#1174,#1164,'CN-01-SUPPORT-L');
#1156=IFCCARTESIANPOINT((0.,0.));
#1157=IFCAXIS2PLACEMENT2D(#1156,$);
#1158=IFCRECTANGLEPROFILEDEF(.AREA.,$,#1157,0.10000000000000001,0.10000000000000001);
#1159=IFCCARTESIANPOINT((0.,0.,0.));
#1160=IFCAXIS2PLACEMENT3D(#1159,$,$);
#1161=IFCDIRECTION((0.,0.,1.));
#1162=IFCEXTRUDEDAREASOLID(#1158,#1160,#1161,2.5499999999999998);
#1163=IFCSHAPEREPRESENTATION(#16,'Body','SweptSolid',(#1162));
#1164=IFCPRODUCTDEFINITIONSHAPE($,$,(#1163));
#1170=IFCCARTESIANPOINT((5.5999999999999996,5.5999999999999996,0.94999999999999996));
#1171=IFCDIRECTION((0.,0.,1.));
#1172=IFCDIRECTION((1.,0.,0.));
#1173=IFCAXIS2PLACEMENT3D(#1170,#1171,#1172);
#1174=IFCLOCALPLACEMENT(#43,#1173);
#1175=IFCOWNERHISTORY(#3,#4,.READWRITE.,.MODIFIED.,1778919049,#3,#4,1778919049);
#1176=IFCCOLUMN('0wNgoTRXjMXfKU_z34lg4V',#1175,'CN-01-SUPPORT-R',$,$,#1195,#1185,'CN-01-SUPPORT-R');
#1177=IFCCARTESIANPOINT((0.,0.));
#1178=IFCAXIS2PLACEMENT2D(#1177,$);
#1179=IFCRECTANGLEPROFILEDEF(.AREA.,$,#1178,0.10000000000000001,0.10000000000000001);
#1180=IFCCARTESIANPOINT((0.,0.,0.));
#1181=IFCAXIS2PLACEMENT3D(#1180,$,$);
#1182=IFCDIRECTION((0.,0.,1.));
#1183=IFCEXTRUDEDAREASOLID(#1179,#1181,#1182,2.5499999999999998);
#1184=IFCSHAPEREPRESENTATION(#16,'Body','SweptSolid',(#1183));
#1185=IFCPRODUCTDEFINITIONSHAPE($,$,(#1184));
#1191=IFCCARTESIANPOINT((9.3000000000000007,9.3000000000000007,0.94999999999999996));
#1192=IFCDIRECTION((0.,0.,1.));
#1193=IFCDIRECTION((1.,0.,0.));
#1194=IFCAXIS2PLACEMENT3D(#1191,#1192,#1193);
#1195=IFCLOCALPLACEMENT(#43,#1194);
#1196=IFCOWNERHISTORY(#3,#4,.READWRITE.,.MODIFIED.,1778919059,#3,#4,1778919059);
#1197=IFCFURNISHINGELEMENT('0pf5yy4xrKpv$c6WThSdGw',#1196,'MT-TC-BODY',$,'Model Table',#1216,#1206,'MT-TC-BODY');
#1198=IFCCARTESIANPOINT((0.,0.));
#1199=IFCAXIS2PLACEMENT2D(#1198,$);
#1200=IFCRECTANGLEPROFILEDEF(.AREA.,$,#1199,2.7999999999999998,2.3999999999999999);
#1201=IFCCARTESIANPOINT((0.,0.,0.));
#1202=IFCAXIS2PLACEMENT3D(#1201,$,$);
#1203=IFCDIRECTION((0.,0.,1.));
#1204=IFCEXTRUDEDAREASOLID(#1200,#1202,#1203,0.84999999999999998);
#1205=IFCSHAPEREPRESENTATION(#16,'Body','SweptSolid',(#1204));
#1206=IFCPRODUCTDEFINITIONSHAPE($,$,(#1205));
#1212=IFCCARTESIANPOINT((11.1,11.300000000000001,0.050000000000000003));
#1213=IFCDIRECTION((0.,0.,1.));
#1214=IFCDIRECTION((1.,0.,0.));
#1215=IFCAXIS2PLACEMENT3D(#1212,#1213,#1214);
#1216=IFCLOCALPLACEMENT(#43,#1215);
#1217=IFCOWNERHISTORY(#3,#4,.READWRITE.,.MODIFIED.,1778919059,#3,#4,1778919059);
#1218=IFCBUILDINGELEMENTPROXY('1i4pluRsfOthZHp72YxTZ9',#1217,'MT-TC-MODEL',$,'Architectural Model',#1237,#1227,'MT-TC-MODEL',.ELEMENT.);
#1219=IFCCARTESIANPOINT((0.,0.));
#1220=IFCAXIS2PLACEMENT2D(#1219,$);
#1221=IFCRECTANGLEPROFILEDEF(.AREA.,$,#1220,2.6000000000000001,2.2000000000000002);
#1222=IFCCARTESIANPOINT((0.,0.,0.));
#1223=IFCAXIS2PLACEMENT3D(#1222,$,$);
#1224=IFCDIRECTION((0.,0.,1.));
#1225=IFCEXTRUDEDAREASOLID(#1221,#1223,#1224,0.45000000000000001);
#1226=IFCSHAPEREPRESENTATION(#16,'Body','SweptSolid',(#1225));
#1227=IFCPRODUCTDEFINITIONSHAPE($,$,(#1226));
#1233=IFCCARTESIANPOINT((11.199999999999999,11.4,0.90000000000000002));
#1234=IFCDIRECTION((0.,0.,1.));
#1235=IFCDIRECTION((1.,0.,0.));
#1236=IFCAXIS2PLACEMENT3D(#1233,#1234,#1235);
#1237=IFCLOCALPLACEMENT(#43,#1236);
#1238=IFCOWNERHISTORY(#3,#4,.READWRITE.,.MODIFIED.,1778919059,#3,#4,1778919059);
#1239=IFCBUILDINGELEMENTPROXY('1gf_KjPsHHNxASVkxElhai',#1238,'MT-TC-LOGO',$,'Table Logo',#1258,#1248,'MT-TC-LOGO',.ELEMENT.);
#1240=IFCCARTESIANPOINT((0.,0.));
#1241=IFCAXIS2PLACEMENT2D(#1240,$);
#1242=IFCRECTANGLEPROFILEDEF(.AREA.,$,#1241,0.40000000000000002,0.02);
#1243=IFCCARTESIANPOINT((0.,0.,0.));
#1244=IFCAXIS2PLACEMENT3D(#1243,$,$);
#1245=IFCDIRECTION((0.,0.,1.));
#1246=IFCEXTRUDEDAREASOLID(#1242,#1244,#1245,0.080000000000000002);
#1247=IFCSHAPEREPRESENTATION(#16,'Body','SweptSolid',(#1246));
#1248=IFCPRODUCTDEFINITIONSHAPE($,$,(#1247));
#1254=IFCCARTESIANPOINT((12.300000000000001,11.300000000000001,0.92000000000000004));
#1255=IFCDIRECTION((0.,0.,1.));
#1256=IFCDIRECTION((1.,0.,0.));
#1257=IFCAXIS2PLACEMENT3D(#1254,#1255,#1256);
#1258=IFCLOCALPLACEMENT(#43,#1257);
#1259=IFCOWNERHISTORY(#3,#4,.READWRITE.,.MODIFIED.,1778919059,#3,#4,1778919059);
#1260=IFCFURNISHINGELEMENT('1ALemF0zrQzuKD6aruOUwM',#1259,'MT-LX-BODY',$,'Model Table',#1279,#1269,'MT-LX-BODY');
#1261=IFCCARTESIANPOINT((0.,0.));
#1262=IFCAXIS2PLACEMENT2D(#1261,$);
#1263=IFCRECTANGLEPROFILEDEF(.AREA.,$,#1262,2.2999999999999998,2.1000000000000001);
#1264=IFCCARTESIANPOINT((0.,0.,0.));
#1265=IFCAXIS2PLACEMENT3D(#1264,$,$);
#1266=IFCDIRECTION((0.,0.,1.));
#1267=IFCEXTRUDEDAREASOLID(#1263,#1265,#1266,0.84999999999999998);
#1268=IFCSHAPEREPRESENTATION(#16,'Body','SweptSolid',(#1267));
#1269=IFCPRODUCTDEFINITIONSHAPE($,$,(#1268));
#1275=IFCCARTESIANPOINT((1.3500000000000001,6.4500000000000002,0.050000000000000003));
#1276=IFCDIRECTION((0.,0.,1.));
#1277=IFCDIRECTION((1.,0.,0.));
#1278=IFCAXIS2PLACEMENT3D(#1275,#1276,#1277);
#1279=IFCLOCALPLACEMENT(#43,#1278);
#1280=IFCOWNERHISTORY(#3,#4,.READWRITE.,.MODIFIED.,1778919059,#3,#4,1778919059);
#1281=IFCBUILDINGELEMENTPROXY('2xrioviF1Oa8Ed9IPjH7Al',#1280,'MT-LX-MODEL',$,'Architectural Model',#1300,#1290,'MT-LX-MODEL',.ELEMENT.);
#1282=IFCCARTESIANPOINT((0.,0.));
#1283=IFCAXIS2PLACEMENT2D(#1282,$);
#1284=IFCRECTANGLEPROFILEDEF(.AREA.,$,#1283,2.1000000000000001,1.8999999999999999);
#1285=IFCCARTESIANPOINT((0.,0.,0.));
#1286=IFCAXIS2PLACEMENT3D(#1285,$,$);
#1287=IFCDIRECTION((0.,0.,1.));
#1288=IFCEXTRUDEDAREASOLID(#1284,#1286,#1287,0.40000000000000002);
#1289=IFCSHAPEREPRESENTATION(#16,'Body','SweptSolid',(#1288));
#1290=IFCPRODUCTDEFINITIONSHAPE($,$,(#1289));
#1296=IFCCARTESIANPOINT((1.45,6.5499999999999998,0.90000000000000002));
#1297=IFCDIRECTION((0.,0.,1.));
#1298=IFCDIRECTION((1.,0.,0.));
#1299=IFCAXIS2PLACEMENT3D(#1296,#1297,#1298);
#1300=IFCLOCALPLACEMENT(#43,#1299);
#1301=IFCOWNERHISTORY(#3,#4,.READWRITE.,.MODIFIED.,1778919059,#3,#4,1778919059);
#1302=IFCBUILDINGELEMENTPROXY('0tav3Uwh5MGwfLukaWfiso',#1301,'MT-LX-LOGO',$,'Table Logo',#1321,#1311,'MT-LX-LOGO',.ELEMENT.);
#1303=IFCCARTESIANPOINT((0.,0.));
#1304=IFCAXIS2PLACEMENT2D(#1303,$);
#1305=IFCRECTANGLEPROFILEDEF(.AREA.,$,#1304,0.40000000000000002,0.02);
#1306=IFCCARTESIANPOINT((0.,0.,0.));
#1307=IFCAXIS2PLACEMENT3D(#1306,$,$);
#1308=IFCDIRECTION((0.,0.,1.));
#1309=IFCEXTRUDEDAREASOLID(#1305,#1307,#1308,0.080000000000000002);
#1310=IFCSHAPEREPRESENTATION(#16,'Body','SweptSolid',(#1309));
#1311=IFCPRODUCTDEFINITIONSHAPE($,$,(#1310));
#1317=IFCCARTESIANPOINT((2.3999999999999999,6.4500000000000002,0.92000000000000004));
#1318=IFCDIRECTION((0.,0.,1.));
#1319=IFCDIRECTION((1.,0.,0.));
#1320=IFCAXIS2PLACEMENT3D(#1317,#1318,#1319);
#1321=IFCLOCALPLACEMENT(#43,#1320);
#1322=IFCOWNERHISTORY(#3,#4,.READWRITE.,.MODIFIED.,1778919059,#3,#4,1778919059);
#1323=IFCFURNISHINGELEMENT('2VH3veIkLP5vbMho0YiBO3',#1322,'MT-FM-BODY',$,'Model Table',#1342,#1332,'MT-FM-BODY');
#1324=IFCCARTESIANPOINT((0.,0.));
#1325=IFCAXIS2PLACEMENT2D(#1324,$);
#1326=IFCRECTANGLEPROFILEDEF(.AREA.,$,#1325,0.80000000000000004,0.80000000000000004);
#1327=IFCCARTESIANPOINT((0.,0.,0.));
#1328=IFCAXIS2PLACEMENT3D(#1327,$,$);
#1329=IFCDIRECTION((0.,0.,1.));
#1330=IFCEXTRUDEDAREASOLID(#1326,#1328,#1329,0.050000000000000003);
#1331=IFCSHAPEREPRESENTATION(#16,'Body','SweptSolid',(#1330));
#1332=IFCPRODUCTDEFINITIONSHAPE($,$,(#1331));
#1338=IFCCARTESIANPOINT((12.,7.0999999999999996,1.05));
#1339=IFCDIRECTION((0.,0.,1.));
#1340=IFCDIRECTION((1.,0.,0.));
#1341=IFCAXIS2PLACEMENT3D(#1338,#1339,#1340);
#1342=IFCLOCALPLACEMENT(#43,#1341);
#1343=IFCOWNERHISTORY(#3,#4,.READWRITE.,.MODIFIED.,1778919059,#3,#4,1778919059);
#1344=IFCBUILDINGELEMENTPROXY('0wNgoTRXjMXfKU_z34lg4V',#1343,'MT-FM-MODEL',$,'Architectural Model',#1363,#1353,'MT-FM-MODEL',.ELEMENT.);
#1345=IFCCARTESIANPOINT((0.,0.));
#1346=IFCAXIS2PLACEMENT2D(#1345,$);
#1347=IFCRECTANGLEPROFILEDEF(.AREA.,$,#1346,0.69999999999999996,0.69999999999999996);
#1348=IFCCARTESIANPOINT((0.,0.,0.));
#1349=IFCAXIS2PLACEMENT3D(#1348,$,$);
#1350=IFCDIRECTION((0.,0.,1.));
#1351=IFCEXTRUDEDAREASOLID(#1347,#1349,#1350,0.29999999999999999);
#1352=IFCSHAPEREPRESENTATION(#16,'Body','SweptSolid',(#1351));
#1353=IFCPRODUCTDEFINITIONSHAPE($,$,(#1352));
#1359=IFCCARTESIANPOINT((12.050000000000001,7.1500000000000004,1.05));
#1360=IFCDIRECTION((0.,0.,1.));
#1361=IFCDIRECTION((1.,0.,0.));
#1362=IFCAXIS2PLACEMENT3D(#1359,#1360,#1361);
#1363=IFCLOCALPLACEMENT(#43,#1362);
#1364=IFCOWNERHISTORY(#3,#4,.READWRITE.,.MODIFIED.,1778919059,#3,#4,1778919059);
#1365=IFCBUILDINGELEMENTPROXY('1JehoPcc5IEQDljBPODbm3',#1364,'MT-FM-LOGO',$,'Table Logo',#1384,#1374,'MT-FM-LOGO',.ELEMENT.);
#1366=IFCCARTESIANPOINT((0.,0.));
#1367=IFCAXIS2PLACEMENT2D(#1366,$);
#1368=IFCRECTANGLEPROFILEDEF(.AREA.,$,#1367,0.40000000000000002,0.02);
#1369=IFCCARTESIANPOINT((0.,0.,0.));
#1370=IFCAXIS2PLACEMENT3D(#1369,$,$);
#1371=IFCDIRECTION((0.,0.,1.));
#1372=IFCEXTRUDEDAREASOLID(#1368,#1370,#1371,0.050000000000000003);
#1373=IFCSHAPEREPRESENTATION(#16,'Body','SweptSolid',(#1372));
#1374=IFCPRODUCTDEFINITIONSHAPE($,$,(#1373));
#1380=IFCCARTESIANPOINT((12.199999999999999,7.0999999999999996,1.0700000000000001));
#1381=IFCDIRECTION((0.,0.,1.));
#1382=IFCDIRECTION((1.,0.,0.));
#1383=IFCAXIS2PLACEMENT3D(#1380,#1381,#1382);
#1384=IFCLOCALPLACEMENT(#43,#1383);
#1385=IFCOWNERHISTORY(#3,#4,.READWRITE.,.MODIFIED.,1778919059,#3,#4,1778919059);
#1386=IFCFURNISHINGELEMENT('2lyOuwuFfRqB6vRqDXOY8w',#1385,'PL-01',$,'Display Plinth',#1405,#1395,'PL-01');
#1387=IFCCARTESIANPOINT((0.,0.));
#1388=IFCAXIS2PLACEMENT2D(#1387,$);
#1389=IFCRECTANGLEPROFILEDEF(.AREA.,$,#1388,0.90000000000000002,0.90000000000000002);
#1390=IFCCARTESIANPOINT((0.,0.,0.));
#1391=IFCAXIS2PLACEMENT3D(#1390,$,$);
#1392=IFCDIRECTION((0.,0.,1.));
#1393=IFCEXTRUDEDAREASOLID(#1389,#1391,#1392,1.);
#1394=IFCSHAPEREPRESENTATION(#16,'Body','SweptSolid',(#1393));
#1395=IFCPRODUCTDEFINITIONSHAPE($,$,(#1394));
#1401=IFCCARTESIANPOINT((11.949999999999999,7.0499999999999998,0.050000000000000003));
#1402=IFCDIRECTION((0.,0.,1.));
#1403=IFCDIRECTION((1.,0.,0.));
#1404=IFCAXIS2PLACEMENT3D(#1401,#1402,#1403);
#1405=IFCLOCALPLACEMENT(#43,#1404);
#1406=IFCOWNERHISTORY(#3,#4,.READWRITE.,.MODIFIED.,1778919059,#3,#4,1778919059);
#1407=IFCBUILDINGELEMENTPROXY('0S20Nf18zQauxYZ7c90Zh_',#1406,'MT-FM-FAIRMARK',$,'Plinth Wordmark',#1426,#1416,'MT-FM-FAIRMARK',.ELEMENT.);
#1408=IFCCARTESIANPOINT((0.,0.));
#1409=IFCAXIS2PLACEMENT2D(#1408,$);
#1410=IFCRECTANGLEPROFILEDEF(.AREA.,$,#1409,0.40000000000000002,0.02);
#1411=IFCCARTESIANPOINT((0.,0.,0.));
#1412=IFCAXIS2PLACEMENT3D(#1411,$,$);
#1413=IFCDIRECTION((0.,0.,1.));
#1414=IFCEXTRUDEDAREASOLID(#1410,#1412,#1413,0.050000000000000003);
#1415=IFCSHAPEREPRESENTATION(#16,'Body','SweptSolid',(#1414));
#1416=IFCPRODUCTDEFINITIONSHAPE($,$,(#1415));
#1422=IFCCARTESIANPOINT((12.199999999999999,6.9500000000000002,1.3500000000000001));
#1423=IFCDIRECTION((0.,0.,1.));
#1424=IFCDIRECTION((1.,0.,0.));
#1425=IFCAXIS2PLACEMENT3D(#1422,#1423,#1424);
#1426=IFCLOCALPLACEMENT(#43,#1425);
#1427=IFCOWNERHISTORY(#3,#4,.READWRITE.,.MODIFIED.,1778919075,#3,#4,1778919075);
#1428=IFCCOLUMN('0pf5yy4xrKpv$c6WThSdGw',#1427,'LP-01-BODY',$,$,#1447,#1437,'LP-01-BODY');
#1429=IFCCARTESIANPOINT((0.,0.));
#1430=IFCAXIS2PLACEMENT2D(#1429,$);
#1431=IFCRECTANGLEPROFILEDEF(.AREA.,$,#1430,0.080000000000000002,0.080000000000000002);
#1432=IFCCARTESIANPOINT((0.,0.,0.));
#1433=IFCAXIS2PLACEMENT3D(#1432,$,$);
#1434=IFCDIRECTION((0.,0.,1.));
#1435=IFCEXTRUDEDAREASOLID(#1431,#1433,#1434,2.6000000000000001);
#1436=IFCSHAPEREPRESENTATION(#16,'Body','SweptSolid',(#1435));
#1437=IFCPRODUCTDEFINITIONSHAPE($,$,(#1436));
#1443=IFCCARTESIANPOINT((11.,11.199999999999999,0.050000000000000003));
#1444=IFCDIRECTION((0.,0.,1.));
#1445=IFCDIRECTION((1.,0.,0.));
#1446=IFCAXIS2PLACEMENT3D(#1443,#1444,#1445);
#1447=IFCLOCALPLACEMENT(#43,#1446);
#1448=IFCOWNERHISTORY(#3,#4,.READWRITE.,.ADDED.,1778919075,#3,#4,1778919075);
#1449=IFCOWNERHISTORY(#3,#4,.READWRITE.,.MODIFIED.,1778919094,#3,#4,1778919094);
#1450=IFCBUILDINGELEMENTPROXY('0pf5yy4xrKpv$c6WThSdGw',#1449,'LP-01-HEAD',$,'Light Pole Head',#1469,#1459,'LP-01-HEAD',.ELEMENT.);
#1451=IFCCARTESIANPOINT((0.,0.));
#1452=IFCAXIS2PLACEMENT2D(#1451,$);
#1453=IFCRECTANGLEPROFILEDEF(.AREA.,$,#1452,0.14999999999999999,0.14999999999999999);
#1454=IFCCARTESIANPOINT((0.,0.,0.));
#1455=IFCAXIS2PLACEMENT3D(#1454,$,$);
#1456=IFCDIRECTION((0.,0.,1.));
#1457=IFCEXTRUDEDAREASOLID(#1453,#1455,#1456,0.10000000000000001);
#1458=IFCSHAPEREPRESENTATION(#16,'Body','SweptSolid',(#1457));
#1459=IFCPRODUCTDEFINITIONSHAPE($,$,(#1458));
#1465=IFCCARTESIANPOINT((11.,11.199999999999999,2.6499999999999999));
#1466=IFCDIRECTION((0.,0.,1.));
#1467=IFCDIRECTION((1.,0.,0.));
#1468=IFCAXIS2PLACEMENT3D(#1465,#1466,#1467);
#1469=IFCLOCALPLACEMENT(#43,#1468);
#1470=IFCOWNERHISTORY(#3,#4,.READWRITE.,.MODIFIED.,1778919094,#3,#4,1778919094);
#1471=IFCBUILDINGELEMENTPROXY('1i4pluRsfOthZHp72YxTZ9',#1470,'LP-02-HEAD',$,'Light Pole Head',#1490,#1480,'LP-02-HEAD',.ELEMENT.);
#1472=IFCCARTESIANPOINT((0.,0.));
#1473=IFCAXIS2PLACEMENT2D(#1472,$);
#1474=IFCRECTANGLEPROFILEDEF(.AREA.,$,#1473,0.14999999999999999,0.14999999999999999);
#1475=IFCCARTESIANPOINT((0.,0.,0.));
#1476=IFCAXIS2PLACEMENT3D(#1475,$,$);
#1477=IFCDIRECTION((0.,0.,1.));
#1478=IFCEXTRUDEDAREASOLID(#1474,#1476,#1477,0.10000000000000001);
#1479=IFCSHAPEREPRESENTATION(#16,'Body','SweptSolid',(#1478));
#1480=IFCPRODUCTDEFINITIONSHAPE($,$,(#1479));
#1486=IFCCARTESIANPOINT((1.25,6.3499999999999996,2.6499999999999999));
#1487=IFCDIRECTION((0.,0.,1.));
#1488=IFCDIRECTION((1.,0.,0.));
#1489=IFCAXIS2PLACEMENT3D(#1486,#1487,#1488);
#1490=IFCLOCALPLACEMENT(#43,#1489);
#1491=IFCOWNERHISTORY(#3,#4,.READWRITE.,.MODIFIED.,1778919094,#3,#4,1778919094);
#1492=IFCBUILDINGELEMENTPROXY('1gf_KjPsHHNxASVkxElhai',#1491,'LP-03-HEAD',$,'Light Pole Head',#1511,#1501,'LP-03-HEAD',.ELEMENT.);
#1493=IFCCARTESIANPOINT((0.,0.));
#1494=IFCAXIS2PLACEMENT2D(#1493,$);
#1495=IFCRECTANGLEPROFILEDEF(.AREA.,$,#1494,0.14999999999999999,0.14999999999999999);
#1496=IFCCARTESIANPOINT((0.,0.,0.));
#1497=IFCAXIS2PLACEMENT3D(#1496,$,$);
#1498=IFCDIRECTION((0.,0.,1.));
#1499=IFCEXTRUDEDAREASOLID(#1495,#1497,#1498,0.10000000000000001);
#1500=IFCSHAPEREPRESENTATION(#16,'Body','SweptSolid',(#1499));
#1501=IFCPRODUCTDEFINITIONSHAPE($,$,(#1500));
#1507=IFCCARTESIANPOINT((11.9,7.,2.6499999999999999));
#1508=IFCDIRECTION((0.,0.,1.));
#1509=IFCDIRECTION((1.,0.,0.));
#1510=IFCAXIS2PLACEMENT3D(#1507,#1508,#1509);
#1511=IFCLOCALPLACEMENT(#43,#1510);
#1512=IFCOWNERHISTORY(#3,#4,.READWRITE.,.MODIFIED.,1778919094,#3,#4,1778919094);
#1513=IFCBUILDINGELEMENTPROXY('1ALemF0zrQzuKD6aruOUwM',#1512,'LP-04-HEAD',$,'Light Pole Head',#1532,#1522,'LP-04-HEAD',.ELEMENT.);
#1514=IFCCARTESIANPOINT((0.,0.));
#1515=IFCAXIS2PLACEMENT2D(#1514,$);
#1516=IFCRECTANGLEPROFILEDEF(.AREA.,$,#1515,0.14999999999999999,0.14999999999999999);
#1517=IFCCARTESIANPOINT((0.,0.,0.));
#1518=IFCAXIS2PLACEMENT3D(#1517,$,$);
#1519=IFCDIRECTION((0.,0.,1.));
#1520=IFCEXTRUDEDAREASOLID(#1516,#1518,#1519,0.10000000000000001);
#1521=IFCSHAPEREPRESENTATION(#16,'Body','SweptSolid',(#1520));
#1522=IFCPRODUCTDEFINITIONSHAPE($,$,(#1521));
#1528=IFCCARTESIANPOINT((3.,12.5,2.6499999999999999));
#1529=IFCDIRECTION((0.,0.,1.));
#1530=IFCDIRECTION((1.,0.,0.));
#1531=IFCAXIS2PLACEMENT3D(#1528,#1529,#1530);
#1532=IFCLOCALPLACEMENT(#43,#1531);
#1533=IFCOWNERHISTORY(#3,#4,.READWRITE.,.MODIFIED.,1778919094,#3,#4,1778919094);
#1534=IFCBUILDINGELEMENTPROXY('2xrioviF1Oa8Ed9IPjH7Al',#1533,'LED-01',$,'Linear LED Strip',#1553,#1543,'LED-01',.ELEMENT.);
#1535=IFCCARTESIANPOINT((0.,0.));
#1536=IFCAXIS2PLACEMENT2D(#1535,$);
#1537=IFCRECTANGLEPROFILEDEF(.AREA.,$,#1536,5.,0.040000000000000001);
#1538=IFCCARTESIANPOINT((0.,0.,0.));
#1539=IFCAXIS2PLACEMENT3D(#1538,$,$);
#1540=IFCDIRECTION((0.,0.,1.));
#1541=IFCEXTRUDEDAREASOLID(#1537,#1539,#1540,0.040000000000000001);
#1542=IFCSHAPEREPRESENTATION(#16,'Body','SweptSolid',(#1541));
#1543=IFCPRODUCTDEFINITIONSHAPE($,$,(#1542));
#1549=IFCCARTESIANPOINT((5.,0.25,3.9500000000000002));
#1550=IFCDIRECTION((0.,0.,1.));
#1551=IFCDIRECTION((1.,0.,0.));
#1552=IFCAXIS2PLACEMENT3D(#1549,#1550,#1551);
#1553=IFCLOCALPLACEMENT(#43,#1552);
#1554=IFCOWNERHISTORY(#3,#4,.READWRITE.,.MODIFIED.,1778919094,#3,#4,1778919094);
#1555=IFCBUILDINGELEMENTPROXY('0tav3Uwh5MGwfLukaWfiso',#1554,'LED-02',$,'Linear LED Strip',#1574,#1564,'LED-02',.ELEMENT.);
#1556=IFCCARTESIANPOINT((0.,0.));
#1557=IFCAXIS2PLACEMENT2D(#1556,$);
#1558=IFCRECTANGLEPROFILEDEF(.AREA.,$,#1557,3.8999999999999999,0.040000000000000001);
#1559=IFCCARTESIANPOINT((0.,0.,0.));
#1560=IFCAXIS2PLACEMENT3D(#1559,$,$);
#1561=IFCDIRECTION((0.,0.,1.));
#1562=IFCEXTRUDEDAREASOLID(#1558,#1560,#1561,0.040000000000000001);
#1563=IFCSHAPEREPRESENTATION(#16,'Body','SweptSolid',(#1562));
#1564=IFCPRODUCTDEFINITIONSHAPE($,$,(#1563));
#1570=IFCCARTESIANPOINT((5.5499999999999998,5.5499999999999998,3.4500000000000002));
#1571=IFCDIRECTION((0.,0.,1.));
#1572=IFCDIRECTION((1.,0.,0.));
#1573=IFCAXIS2PLACEMENT3D(#1570,#1571,#1572);
#1574=IFCLOCALPLACEMENT(#43,#1573);
#1575=IFCOWNERHISTORY(#3,#4,.READWRITE.,.MODIFIED.,1778919094,#3,#4,1778919094);
#1576=IFCBUILDINGELEMENTPROXY('2VH3veIkLP5vbMho0YiBO3',#1575,'LED-03',$,'Linear LED Strip',#1595,#1585,'LED-03',.ELEMENT.);
#1577=IFCCARTESIANPOINT((0.,0.));
#1578=IFCAXIS2PLACEMENT2D(#1577,$);
#1579=IFCRECTANGLEPROFILEDEF(.AREA.,$,#1578,3.8999999999999999,0.040000000000000001);
#1580=IFCCARTESIANPOINT((0.,0.,0.));
#1581=IFCAXIS2PLACEMENT3D(#1580,$,$);
#1582=IFCDIRECTION((0.,0.,1.));
#1583=IFCEXTRUDEDAREASOLID(#1579,#1581,#1582,0.040000000000000001);
#1584=IFCSHAPEREPRESENTATION(#16,'Body','SweptSolid',(#1583));
#1585=IFCPRODUCTDEFINITIONSHAPE($,$,(#1584));
#1591=IFCCARTESIANPOINT((5.5499999999999998,9.4100000000000001,3.4500000000000002));
#1592=IFCDIRECTION((0.,0.,1.));
#1593=IFCDIRECTION((1.,0.,0.));
#1594=IFCAXIS2PLACEMENT3D(#1591,#1592,#1593);
#1595=IFCLOCALPLACEMENT(#43,#1594);
#1596=IFCOWNERHISTORY(#3,#4,.READWRITE.,.MODIFIED.,1778919094,#3,#4,1778919094);
#1597=IFCBUILDINGELEMENTPROXY('0wNgoTRXjMXfKU_z34lg4V',#1596,'LED-04',$,'Linear LED Strip',#1616,#1606,'LED-04',.ELEMENT.);
#1598=IFCCARTESIANPOINT((0.,0.));
#1599=IFCAXIS2PLACEMENT2D(#1598,$);
#1600=IFCRECTANGLEPROFILEDEF(.AREA.,$,#1599,2.5,0.040000000000000001);
#1601=IFCCARTESIANPOINT((0.,0.,0.));
#1602=IFCAXIS2PLACEMENT3D(#1601,$,$);
#1603=IFCDIRECTION((0.,0.,1.));
#1604=IFCEXTRUDEDAREASOLID(#1600,#1602,#1603,0.040000000000000001);
#1605=IFCSHAPEREPRESENTATION(#16,'Body','SweptSolid',(#1604));
#1606=IFCPRODUCTDEFINITIONSHAPE($,$,(#1605));
#1612=IFCCARTESIANPOINT((0.29999999999999999,14.6,1.95));
#1613=IFCDIRECTION((0.,0.,1.));
#1614=IFCDIRECTION((1.,0.,0.));
#1615=IFCAXIS2PLACEMENT3D(#1612,#1613,#1614);
#1616=IFCLOCALPLACEMENT(#43,#1615);
#1617=IFCOWNERHISTORY(#3,#4,.READWRITE.,.MODIFIED.,1778919094,#3,#4,1778919094);
#1618=IFCBUILDINGELEMENTPROXY('1JehoPcc5IEQDljBPODbm3',#1617,'LED-05',$,'Linear LED Strip',#1637,#1627,'LED-05',.ELEMENT.);
#1619=IFCCARTESIANPOINT((0.,0.));
#1620=IFCAXIS2PLACEMENT2D(#1619,$);
#1621=IFCRECTANGLEPROFILEDEF(.AREA.,$,#1620,2.5,0.040000000000000001);
#1622=IFCCARTESIANPOINT((0.,0.,0.));
#1623=IFCAXIS2PLACEMENT3D(#1622,$,$);
#1624=IFCDIRECTION((0.,0.,1.));
#1625=IFCEXTRUDEDAREASOLID(#1621,#1623,#1624,0.040000000000000001);
#1626=IFCSHAPEREPRESENTATION(#16,'Body','SweptSolid',(#1625));
#1627=IFCPRODUCTDEFINITIONSHAPE($,$,(#1626));
#1633=IFCCARTESIANPOINT((0.29999999999999999,12.300000000000001,1.05));
#1634=IFCDIRECTION((0.,0.,1.));
#1635=IFCDIRECTION((1.,0.,0.));
#1636=IFCAXIS2PLACEMENT3D(#1633,#1634,#1635);
#1637=IFCLOCALPLACEMENT(#43,#1636);
#1638=IFCOWNERHISTORY(#3,#4,.READWRITE.,.MODIFIED.,1778919094,#3,#4,1778919094);
#1639=IFCBUILDINGELEMENTPROXY('2lyOuwuFfRqB6vRqDXOY8w',#1638,'LED-06',$,'Linear LED Strip',#1658,#1648,'LED-06',.ELEMENT.);
#1640=IFCCARTESIANPOINT((0.,0.));
#1641=IFCAXIS2PLACEMENT2D(#1640,$);
#1642=IFCRECTANGLEPROFILEDEF(.AREA.,$,#1641,2.7999999999999998,0.040000000000000001);
#1643=IFCCARTESIANPOINT((0.,0.,0.));
#1644=IFCAXIS2PLACEMENT3D(#1643,$,$);
#1645=IFCDIRECTION((0.,0.,1.));
#1646=IFCEXTRUDEDAREASOLID(#1642,#1644,#1645,0.040000000000000001);
#1647=IFCSHAPEREPRESENTATION(#16,'Body','SweptSolid',(#1646));
#1648=IFCPRODUCTDEFINITIONSHAPE($,$,(#1647));
#1654=IFCCARTESIANPOINT((11.1,11.300000000000001,0.90000000000000002));
#1655=IFCDIRECTION((0.,0.,1.));
#1656=IFCDIRECTION((1.,0.,0.));
#1657=IFCAXIS2PLACEMENT3D(#1654,#1655,#1656);
#1658=IFCLOCALPLACEMENT(#43,#1657);
#1659=IFCOWNERHISTORY(#3,#4,.READWRITE.,.MODIFIED.,1778919094,#3,#4,1778919094);
#1660=IFCBUILDINGELEMENTPROXY('0S20Nf18zQauxYZ7c90Zh_',#1659,'LED-07',$,'Linear LED Strip',#1679,#1669,'LED-07',.ELEMENT.);
#1661=IFCCARTESIANPOINT((0.,0.));
#1662=IFCAXIS2PLACEMENT2D(#1661,$);
#1663=IFCRECTANGLEPROFILEDEF(.AREA.,$,#1662,2.2999999999999998,0.040000000000000001);
#1664=IFCCARTESIANPOINT((0.,0.,0.));
#1665=IFCAXIS2PLACEMENT3D(#1664,$,$);
#1666=IFCDIRECTION((0.,0.,1.));
#1667=IFCEXTRUDEDAREASOLID(#1663,#1665,#1666,0.040000000000000001);
#1668=IFCSHAPEREPRESENTATION(#16,'Body','SweptSolid',(#1667));
#1669=IFCPRODUCTDEFINITIONSHAPE($,$,(#1668));
#1675=IFCCARTESIANPOINT((1.3500000000000001,6.4500000000000002,0.90000000000000002));
#1676=IFCDIRECTION((0.,0.,1.));
#1677=IFCDIRECTION((1.,0.,0.));
#1678=IFCAXIS2PLACEMENT3D(#1675,#1676,#1677);
#1679=IFCLOCALPLACEMENT(#43,#1678);
#1680=IFCOWNERHISTORY(#3,#4,.READWRITE.,.MODIFIED.,1778919094,#3,#4,1778919094);
#1681=IFCBUILDINGELEMENTPROXY('2zc$FOVxnOnfI3IWH3c7nX',#1680,'BN-01',$,'Banner Panel',#1700,#1690,'BN-01',.ELEMENT.);
#1682=IFCCARTESIANPOINT((0.,0.));
#1683=IFCAXIS2PLACEMENT2D(#1682,$);
#1684=IFCRECTANGLEPROFILEDEF(.AREA.,$,#1683,2.,0.040000000000000001);
#1685=IFCCARTESIANPOINT((0.,0.,0.));
#1686=IFCAXIS2PLACEMENT3D(#1685,$,$);
#1687=IFCDIRECTION((0.,0.,1.));
#1688=IFCEXTRUDEDAREASOLID(#1684,#1686,#1687,1.8);
#1689=IFCSHAPEREPRESENTATION(#16,'Body','SweptSolid',(#1688));
#1690=IFCPRODUCTDEFINITIONSHAPE($,$,(#1689));
#1696=IFCCARTESIANPOINT((12.,0.20000000000000001,1.5));
#1697=IFCDIRECTION((0.,0.,1.));
#1698=IFCDIRECTION((1.,0.,0.));
#1699=IFCAXIS2PLACEMENT3D(#1696,#1697,#1698);
#1700=IFCLOCALPLACEMENT(#43,#1699);
#1701=IFCOWNERHISTORY(#3,#4,.READWRITE.,.MODIFIED.,1778919094,#3,#4,1778919094);
#1702=IFCBUILDINGELEMENTPROXY('2OZA1yEubNWRlhHZy$GMFO',#1701,'BN-02',$,'Banner Panel',#1721,#1711,'BN-02',.ELEMENT.);
#1703=IFCCARTESIANPOINT((0.,0.));
#1704=IFCAXIS2PLACEMENT2D(#1703,$);
#1705=IFCRECTANGLEPROFILEDEF(.AREA.,$,#1704,2.,0.040000000000000001);
#1706=IFCCARTESIANPOINT((0.,0.,0.));
#1707=IFCAXIS2PLACEMENT3D(#1706,$,$);
#1708=IFCDIRECTION((0.,0.,1.));
#1709=IFCEXTRUDEDAREASOLID(#1705,#1707,#1708,1.8);
#1710=IFCSHAPEREPRESENTATION(#16,'Body','SweptSolid',(#1709));
#1711=IFCPRODUCTDEFINITIONSHAPE($,$,(#1710));
#1717=IFCCARTESIANPOINT((1.5,14.6,1.5));
#1718=IFCDIRECTION((0.,0.,1.));
#1719=IFCDIRECTION((1.,0.,0.));
#1720=IFCAXIS2PLACEMENT3D(#1717,#1718,#1719);
#1721=IFCLOCALPLACEMENT(#43,#1720);
#1722=IFCOWNERHISTORY(#3,#4,.READWRITE.,.MODIFIED.,1778919094,#3,#4,1778919094);
#1723=IFCFURNISHINGELEMENT('3cGw1i6e1PbODCo0vb6lQv',#1722,'PL-FLR-01',$,'Floor Planter',#1742,#1732,'PL-FLR-01');
#1724=IFCCARTESIANPOINT((0.,0.));
#1725=IFCAXIS2PLACEMENT2D(#1724,$);
#1726=IFCRECTANGLEPROFILEDEF(.AREA.,$,#1725,0.5,0.5);
#1727=IFCCARTESIANPOINT((0.,0.,0.));
#1728=IFCAXIS2PLACEMENT3D(#1727,$,$);
#1729=IFCDIRECTION((0.,0.,1.));
#1730=IFCEXTRUDEDAREASOLID(#1726,#1728,#1729,0.45000000000000001);
#1731=IFCSHAPEREPRESENTATION(#16,'Body','SweptSolid',(#1730));
#1732=IFCPRODUCTDEFINITIONSHAPE($,$,(#1731));
#1738=IFCCARTESIANPOINT((4.5,4.5,0.050000000000000003));
#1739=IFCDIRECTION((0.,0.,1.));
#1740=IFCDIRECTION((1.,0.,0.));
#1741=IFCAXIS2PLACEMENT3D(#1738,#1739,#1740);
#1742=IFCLOCALPLACEMENT(#43,#1741);
#1743=IFCOWNERHISTORY(#3,#4,.READWRITE.,.MODIFIED.,1778919094,#3,#4,1778919094);
#1744=IFCFURNISHINGELEMENT('3JGAveCsvVF8e$8mr2e$n_',#1743,'PL-FLR-02',$,'Floor Planter',#1763,#1753,'PL-FLR-02');
#1745=IFCCARTESIANPOINT((0.,0.));
#1746=IFCAXIS2PLACEMENT2D(#1745,$);
#1747=IFCRECTANGLEPROFILEDEF(.AREA.,$,#1746,0.5,0.5);
#1748=IFCCARTESIANPOINT((0.,0.,0.));
#1749=IFCAXIS2PLACEMENT3D(#1748,$,$);
#1750=IFCDIRECTION((0.,0.,1.));
#1751=IFCEXTRUDEDAREASOLID(#1747,#1749,#1750,0.45000000000000001);
#1752=IFCSHAPEREPRESENTATION(#16,'Body','SweptSolid',(#1751));
#1753=IFCPRODUCTDEFINITIONSHAPE($,$,(#1752));
#1759=IFCCARTESIANPOINT((10.,4.5,0.050000000000000003));
#1760=IFCDIRECTION((0.,0.,1.));
#1761=IFCDIRECTION((1.,0.,0.));
#1762=IFCAXIS2PLACEMENT3D(#1759,#1760,#1761);
#1763=IFCLOCALPLACEMENT(#43,#1762);
#1764=IFCOWNERHISTORY(#3,#4,.READWRITE.,.MODIFIED.,1778919094,#3,#4,1778919094);
#1765=IFCFURNISHINGELEMENT('3EiVetIazM4fhq4CSsJuiH',#1764,'PL-FLR-03',$,'Floor Planter',#1784,#1774,'PL-FLR-03');
#1766=IFCCARTESIANPOINT((0.,0.));
#1767=IFCAXIS2PLACEMENT2D(#1766,$);
#1768=IFCRECTANGLEPROFILEDEF(.AREA.,$,#1767,0.5,0.5);
#1769=IFCCARTESIANPOINT((0.,0.,0.));
#1770=IFCAXIS2PLACEMENT3D(#1769,$,$);
#1771=IFCDIRECTION((0.,0.,1.));
#1772=IFCEXTRUDEDAREASOLID(#1768,#1770,#1771,0.45000000000000001);
#1773=IFCSHAPEREPRESENTATION(#16,'Body','SweptSolid',(#1772));
#1774=IFCPRODUCTDEFINITIONSHAPE($,$,(#1773));
#1780=IFCCARTESIANPOINT((10.,10.,0.050000000000000003));
#1781=IFCDIRECTION((0.,0.,1.));
#1782=IFCDIRECTION((1.,0.,0.));
#1783=IFCAXIS2PLACEMENT3D(#1780,#1781,#1782);
#1784=IFCLOCALPLACEMENT(#43,#1783);
#1785=IFCOWNERHISTORY(#3,#4,.READWRITE.,.MODIFIED.,1778919094,#3,#4,1778919094);
#1786=IFCFURNISHINGELEMENT('3Nx0P0KYDVpBGJEDGfk6uG',#1785,'PL-FLR-04',$,'Floor Planter',#1805,#1795,'PL-FLR-04');
#1787=IFCCARTESIANPOINT((0.,0.));
#1788=IFCAXIS2PLACEMENT2D(#1787,$);
#1789=IFCRECTANGLEPROFILEDEF(.AREA.,$,#1788,0.5,0.5);
#1790=IFCCARTESIANPOINT((0.,0.,0.));
#1791=IFCAXIS2PLACEMENT3D(#1790,$,$);
#1792=IFCDIRECTION((0.,0.,1.));
#1793=IFCEXTRUDEDAREASOLID(#1789,#1791,#1792,0.45000000000000001);
#1794=IFCSHAPEREPRESENTATION(#16,'Body','SweptSolid',(#1793));
#1795=IFCPRODUCTDEFINITIONSHAPE($,$,(#1794));
#1801=IFCCARTESIANPOINT((4.5,10.,0.050000000000000003));
#1802=IFCDIRECTION((0.,0.,1.));
#1803=IFCDIRECTION((1.,0.,0.));
#1804=IFCAXIS2PLACEMENT3D(#1801,#1802,#1803);
#1805=IFCLOCALPLACEMENT(#43,#1804);
#1806=IFCOWNERHISTORY(#3,#4,.READWRITE.,.MODIFIED.,1778919094,#3,#4,1778919094);
#1807=IFCBUILDINGELEMENTPROXY('2DH2XUaqPI7PLq_8tVB5$$',#1806,'PL-FLR-FOLIAGE-01',$,'Planter Foliage',#1826,#1816,'PL-FLR-FOLIAGE-01',.ELEMENT.);
#1808=IFCCARTESIANPOINT((0.,0.));
#1809=IFCAXIS2PLACEMENT2D(#1808,$);
#1810=IFCRECTANGLEPROFILEDEF(.AREA.,$,#1809,0.59999999999999998,0.59999999999999998);
#1811=IFCCARTESIANPOINT((0.,0.,0.));
#1812=IFCAXIS2PLACEMENT3D(#1811,$,$);
#1813=IFCDIRECTION((0.,0.,1.));
#1814=IFCEXTRUDEDAREASOLID(#1810,#1812,#1813,0.80000000000000004);
#1815=IFCSHAPEREPRESENTATION(#16,'Body','SweptSolid',(#1814));
#1816=IFCPRODUCTDEFINITIONSHAPE($,$,(#1815));
#1822=IFCCARTESIANPOINT((4.5,4.5,0.45000000000000001));
#1823=IFCDIRECTION((0.,0.,1.));
#1824=IFCDIRECTION((1.,0.,0.));
#1825=IFCAXIS2PLACEMENT3D(#1822,#1823,#1824);
#1826=IFCLOCALPLACEMENT(#43,#1825);
#1827=IFCOWNERHISTORY(#3,#4,.READWRITE.,.MODIFIED.,1778919094,#3,#4,1778919094);
#1828=IFCBUILDINGELEMENTPROXY('123TTt$_PJKfjtHGUy$9Mc',#1827,'PL-FLR-FOLIAGE-02',$,'Planter Foliage',#1847,#1837,'PL-FLR-FOLIAGE-02',.ELEMENT.);
#1829=IFCCARTESIANPOINT((0.,0.));
#1830=IFCAXIS2PLACEMENT2D(#1829,$);
#1831=IFCRECTANGLEPROFILEDEF(.AREA.,$,#1830,0.59999999999999998,0.59999999999999998);
#1832=IFCCARTESIANPOINT((0.,0.,0.));
#1833=IFCAXIS2PLACEMENT3D(#1832,$,$);
#1834=IFCDIRECTION((0.,0.,1.));
#1835=IFCEXTRUDEDAREASOLID(#1831,#1833,#1834,0.80000000000000004);
#1836=IFCSHAPEREPRESENTATION(#16,'Body','SweptSolid',(#1835));
#1837=IFCPRODUCTDEFINITIONSHAPE($,$,(#1836));
#1843=IFCCARTESIANPOINT((10.,4.5,0.45000000000000001));
#1844=IFCDIRECTION((0.,0.,1.));
#1845=IFCDIRECTION((1.,0.,0.));
#1846=IFCAXIS2PLACEMENT3D(#1843,#1844,#1845);
#1847=IFCLOCALPLACEMENT(#43,#1846);
#1848=IFCOWNERHISTORY(#3,#4,.READWRITE.,.MODIFIED.,1778919112,#3,#4,1778919112);
#1849=IFCCOLUMN('0pf5yy4xrKpv$c6WThSdGw',#1848,'LP-02-BODY',$,$,#1868,#1858,'LP-02-BODY');
#1850=IFCCARTESIANPOINT((0.,0.));
#1851=IFCAXIS2PLACEMENT2D(#1850,$);
#1852=IFCRECTANGLEPROFILEDEF(.AREA.,$,#1851,0.080000000000000002,0.080000000000000002);
#1853=IFCCARTESIANPOINT((0.,0.,0.));
#1854=IFCAXIS2PLACEMENT3D(#1853,$,$);
#1855=IFCDIRECTION((0.,0.,1.));
#1856=IFCEXTRUDEDAREASOLID(#1852,#1854,#1855,2.6000000000000001);
#1857=IFCSHAPEREPRESENTATION(#16,'Body','SweptSolid',(#1856));
#1858=IFCPRODUCTDEFINITIONSHAPE($,$,(#1857));
#1864=IFCCARTESIANPOINT((1.25,6.3499999999999996,0.050000000000000003));
#1865=IFCDIRECTION((0.,0.,1.));
#1866=IFCDIRECTION((1.,0.,0.));
#1867=IFCAXIS2PLACEMENT3D(#1864,#1865,#1866);
#1868=IFCLOCALPLACEMENT(#43,#1867);
#1869=IFCOWNERHISTORY(#3,#4,.READWRITE.,.MODIFIED.,1778919112,#3,#4,1778919112);
#1870=IFCCOLUMN('1i4pluRsfOthZHp72YxTZ9',#1869,'LP-03-BODY',$,$,#1889,#1879,'LP-03-BODY');
#1871=IFCCARTESIANPOINT((0.,0.));
#1872=IFCAXIS2PLACEMENT2D(#1871,$);
#1873=IFCRECTANGLEPROFILEDEF(.AREA.,$,#1872,0.080000000000000002,0.080000000000000002);
#1874=IFCCARTESIANPOINT((0.,0.,0.));
#1875=IFCAXIS2PLACEMENT3D(#1874,$,$);
#1876=IFCDIRECTION((0.,0.,1.));
#1877=IFCEXTRUDEDAREASOLID(#1873,#1875,#1876,2.6000000000000001);
#1878=IFCSHAPEREPRESENTATION(#16,'Body','SweptSolid',(#1877));
#1879=IFCPRODUCTDEFINITIONSHAPE($,$,(#1878));
#1885=IFCCARTESIANPOINT((11.9,7.,0.050000000000000003));
#1886=IFCDIRECTION((0.,0.,1.));
#1887=IFCDIRECTION((1.,0.,0.));
#1888=IFCAXIS2PLACEMENT3D(#1885,#1886,#1887);
#1889=IFCLOCALPLACEMENT(#43,#1888);
#1890=IFCOWNERHISTORY(#3,#4,.READWRITE.,.MODIFIED.,1778919112,#3,#4,1778919112);
#1891=IFCCOLUMN('1gf_KjPsHHNxASVkxElhai',#1890,'LP-04-BODY',$,$,#1910,#1900,'LP-04-BODY');
#1892=IFCCARTESIANPOINT((0.,0.));
#1893=IFCAXIS2PLACEMENT2D(#1892,$);
#1894=IFCRECTANGLEPROFILEDEF(.AREA.,$,#1893,0.080000000000000002,0.080000000000000002);
#1895=IFCCARTESIANPOINT((0.,0.,0.));
#1896=IFCAXIS2PLACEMENT3D(#1895,$,$);
#1897=IFCDIRECTION((0.,0.,1.));
#1898=IFCEXTRUDEDAREASOLID(#1894,#1896,#1897,2.6000000000000001);
#1899=IFCSHAPEREPRESENTATION(#16,'Body','SweptSolid',(#1898));
#1900=IFCPRODUCTDEFINITIONSHAPE($,$,(#1899));
#1906=IFCCARTESIANPOINT((3.,12.5,0.050000000000000003));
#1907=IFCDIRECTION((0.,0.,1.));
#1908=IFCDIRECTION((1.,0.,0.));
#1909=IFCAXIS2PLACEMENT3D(#1906,#1907,#1908);
#1910=IFCLOCALPLACEMENT(#43,#1909);
#1911=IFCOWNERHISTORY(#3,#4,.READWRITE.,.ADDED.,1778919115,#3,#4,1778919115);
#1912=IFCPROPERTYSET('0pf5yy4xrKpv$c6WThSdGw',#1911,'Pset_BuildFlowExhibitionElement',$,(#1915,#1916,#1917,#1918));
#1913=IFCOWNERHISTORY(#3,#4,.READWRITE.,.ADDED.,1778919115,#3,#4,1778919115);
#1914=IFCRELDEFINESBYPROPERTIES('1i4pluRsfOthZHp72YxTZ9',#1913,$,$,(#1681),#1912);
#1915=IFCPROPERTYSINGLEVALUE('Project',$,IFCLABEL('SOL Properties Exhibition Stand'),$);
#1916=IFCPROPERTYSINGLEVALUE('Brand',$,IFCLABEL('SOL Properties'),$);
#1917=IFCPROPERTYSINGLEVALUE('IsExhibitElement',$,IFCBOOLEAN(.T.),$);
#1918=IFCPROPERTYSINGLEVALUE('BrandMessage',$,IFCLABEL('Legacy you can stand inside'),$);
#1919=IFCOWNERHISTORY(#3,#4,.READWRITE.,.ADDED.,1778919115,#3,#4,1778919115);
#1920=IFCPROPERTYSET('1gf_KjPsHHNxASVkxElhai',#1919,'Pset_BuildFlowExhibitionElement',$,(#1923,#1924,#1925,#1926));
#1921=IFCOWNERHISTORY(#3,#4,.READWRITE.,.ADDED.,1778919115,#3,#4,1778919115);
#1922=IFCRELDEFINESBYPROPERTIES('1ALemF0zrQzuKD6aruOUwM',#1921,$,$,(#1702),#1920);
#1923=IFCPROPERTYSINGLEVALUE('Project',$,IFCLABEL('SOL Properties Exhibition Stand'),$);
#1924=IFCPROPERTYSINGLEVALUE('Brand',$,IFCLABEL('SOL Properties'),$);
#1925=IFCPROPERTYSINGLEVALUE('IsExhibitElement',$,IFCBOOLEAN(.T.),$);
#1926=IFCPROPERTYSINGLEVALUE('BrandMessage',$,IFCLABEL('Legacy you can stand inside'),$);
#1927=IFCOWNERHISTORY(#3,#4,.READWRITE.,.ADDED.,1778919115,#3,#4,1778919115);
#1928=IFCPROPERTYSET('2xrioviF1Oa8Ed9IPjH7Al',#1927,'Pset_BuildFlowExhibitionElement',$,(#1931,#1932,#1933,#1934));
#1929=IFCOWNERHISTORY(#3,#4,.READWRITE.,.ADDED.,1778919115,#3,#4,1778919115);
#1930=IFCRELDEFINESBYPROPERTIES('0tav3Uwh5MGwfLukaWfiso',#1929,$,$,(#1010),#1928);
#1931=IFCPROPERTYSINGLEVALUE('Project',$,IFCLABEL('SOL Properties Exhibition Stand'),$);
#1932=IFCPROPERTYSINGLEVALUE('Brand',$,IFCLABEL('SOL Properties'),$);
#1933=IFCPROPERTYSINGLEVALUE('IsExhibitElement',$,IFCBOOLEAN(.T.),$);
#1934=IFCPROPERTYSINGLEVALUE('BrandMessage',$,IFCLABEL('Legacy you can stand inside'),$);
#1935=IFCOWNERHISTORY(#3,#4,.READWRITE.,.ADDED.,1778919115,#3,#4,1778919115);
#1936=IFCPROPERTYSET('2VH3veIkLP5vbMho0YiBO3',#1935,'Pset_BuildFlowExhibitionElement',$,(#1939,#1940,#1941,#1942));
#1937=IFCOWNERHISTORY(#3,#4,.READWRITE.,.ADDED.,1778919115,#3,#4,1778919115);
#1938=IFCRELDEFINESBYPROPERTIES('0wNgoTRXjMXfKU_z34lg4V',#1937,$,$,(#1071),#1936);
#1939=IFCPROPERTYSINGLEVALUE('Project',$,IFCLABEL('SOL Properties Exhibition Stand'),$);
#1940=IFCPROPERTYSINGLEVALUE('Brand',$,IFCLABEL('SOL Properties'),$);
#1941=IFCPROPERTYSINGLEVALUE('IsExhibitElement',$,IFCBOOLEAN(.T.),$);
#1942=IFCPROPERTYSINGLEVALUE('BrandMessage',$,IFCLABEL('Legacy you can stand inside'),$);
#1943=IFCOWNERHISTORY(#3,#4,.READWRITE.,.ADDED.,1778919115,#3,#4,1778919115);
#1944=IFCPROPERTYSET('1JehoPcc5IEQDljBPODbm3',#1943,'Pset_BuildFlowExhibitionElement',$,(#1947,#1948,#1949,#1950));
#1945=IFCOWNERHISTORY(#3,#4,.READWRITE.,.ADDED.,1778919115,#3,#4,1778919115);
#1946=IFCRELDEFINESBYPROPERTIES('2lyOuwuFfRqB6vRqDXOY8w',#1945,$,$,(#1029),#1944);
#1947=IFCPROPERTYSINGLEVALUE('Project',$,IFCLABEL('SOL Properties Exhibition Stand'),$);
#1948=IFCPROPERTYSINGLEVALUE('Brand',$,IFCLABEL('SOL Properties'),$);
#1949=IFCPROPERTYSINGLEVALUE('IsExhibitElement',$,IFCBOOLEAN(.T.),$);
#1950=IFCPROPERTYSINGLEVALUE('BrandMessage',$,IFCLABEL('Legacy you can stand inside'),$);
#1951=IFCOWNERHISTORY(#3,#4,.READWRITE.,.ADDED.,1778919115,#3,#4,1778919115);
#1952=IFCPROPERTYSET('0S20Nf18zQauxYZ7c90Zh_',#1951,'Pset_BuildFlowExhibitionElement',$,(#1955,#1956,#1957,#1958));
#1953=IFCOWNERHISTORY(#3,#4,.READWRITE.,.ADDED.,1778919115,#3,#4,1778919115);
#1954=IFCRELDEFINESBYPROPERTIES('2zc$FOVxnOnfI3IWH3c7nX',#1953,$,$,(#1050),#1952);
#1955=IFCPROPERTYSINGLEVALUE('Project',$,IFCLABEL('SOL Properties Exhibition Stand'),$);
#1956=IFCPROPERTYSINGLEVALUE('Brand',$,IFCLABEL('SOL Properties'),$);
#1957=IFCPROPERTYSINGLEVALUE('IsExhibitElement',$,IFCBOOLEAN(.T.),$);
#1958=IFCPROPERTYSINGLEVALUE('BrandMessage',$,IFCLABEL('Legacy you can stand inside'),$);
#1959=IFCOWNERHISTORY(#3,#4,.READWRITE.,.ADDED.,1778919115,#3,#4,1778919115);
#1960=IFCPROPERTYSET('2OZA1yEubNWRlhHZy$GMFO',#1959,'Pset_BuildFlowExhibitionElement',$,(#1963,#1964,#1965,#1966));
#1961=IFCOWNERHISTORY(#3,#4,.READWRITE.,.ADDED.,1778919115,#3,#4,1778919115);
#1962=IFCRELDEFINESBYPROPERTIES('3cGw1i6e1PbODCo0vb6lQv',#1961,$,$,(#1134),#1960);
#1963=IFCPROPERTYSINGLEVALUE('Project',$,IFCLABEL('SOL Properties Exhibition Stand'),$);
#1964=IFCPROPERTYSINGLEVALUE('Brand',$,IFCLABEL('SOL Properties'),$);
#1965=IFCPROPERTYSINGLEVALUE('IsExhibitElement',$,IFCBOOLEAN(.T.),$);
#1966=IFCPROPERTYSINGLEVALUE('BrandMessage',$,IFCLABEL('Legacy you can stand inside'),$);
#1967=IFCOWNERHISTORY(#3,#4,.READWRITE.,.ADDED.,1778919115,#3,#4,1778919115);
#1968=IFCPROPERTYSET('3JGAveCsvVF8e$8mr2e$n_',#1967,'Pset_BuildFlowExhibitionElement',$,(#1971,#1972,#1973,#1974));
#1969=IFCOWNERHISTORY(#3,#4,.READWRITE.,.ADDED.,1778919115,#3,#4,1778919115);
#1970=IFCRELDEFINESBYPROPERTIES('3EiVetIazM4fhq4CSsJuiH',#1969,$,$,(#1113),#1968);
#1971=IFCPROPERTYSINGLEVALUE('Project',$,IFCLABEL('SOL Properties Exhibition Stand'),$);
#1972=IFCPROPERTYSINGLEVALUE('Brand',$,IFCLABEL('SOL Properties'),$);
#1973=IFCPROPERTYSINGLEVALUE('IsExhibitElement',$,IFCBOOLEAN(.T.),$);
#1974=IFCPROPERTYSINGLEVALUE('BrandMessage',$,IFCLABEL('Legacy you can stand inside'),$);
#1975=IFCOWNERHISTORY(#3,#4,.READWRITE.,.ADDED.,1778919115,#3,#4,1778919115);
#1976=IFCPROPERTYSET('3Nx0P0KYDVpBGJEDGfk6uG',#1975,'Pset_BuildFlowExhibitionElement',$,(#1979,#1980,#1981,#1982));
#1977=IFCOWNERHISTORY(#3,#4,.READWRITE.,.ADDED.,1778919115,#3,#4,1778919115);
#1978=IFCRELDEFINESBYPROPERTIES('2DH2XUaqPI7PLq_8tVB5$$',#1977,$,$,(#1092),#1976);
#1979=IFCPROPERTYSINGLEVALUE('Project',$,IFCLABEL('SOL Properties Exhibition Stand'),$);
#1980=IFCPROPERTYSINGLEVALUE('Brand',$,IFCLABEL('SOL Properties'),$);
#1981=IFCPROPERTYSINGLEVALUE('IsExhibitElement',$,IFCBOOLEAN(.T.),$);
#1982=IFCPROPERTYSINGLEVALUE('BrandMessage',$,IFCLABEL('Legacy you can stand inside'),$);
#1983=IFCOWNERHISTORY(#3,#4,.READWRITE.,.ADDED.,1778919115,#3,#4,1778919115);
#1984=IFCPROPERTYSET('123TTt$_PJKfjtHGUy$9Mc',#1983,'Pset_BuildFlowExhibitionElement',$,(#1987,#1988,#1989,#1990));
#1985=IFCOWNERHISTORY(#3,#4,.READWRITE.,.ADDED.,1778919115,#3,#4,1778919115);
#1986=IFCRELDEFINESBYPROPERTIES('2s4WFjEFPK_AFx5qxXe7dv',#1985,$,$,(#1155),#1984);
#1987=IFCPROPERTYSINGLEVALUE('Project',$,IFCLABEL('SOL Properties Exhibition Stand'),$);
#1988=IFCPROPERTYSINGLEVALUE('Brand',$,IFCLABEL('SOL Properties'),$);
#1989=IFCPROPERTYSINGLEVALUE('IsExhibitElement',$,IFCBOOLEAN(.T.),$);
#1990=IFCPROPERTYSINGLEVALUE('BrandMessage',$,IFCLABEL('Legacy you can stand inside'),$);
#1991=IFCOWNERHISTORY(#3,#4,.READWRITE.,.ADDED.,1778919115,#3,#4,1778919115);
#1992=IFCPROPERTYSET('2EMC8Y2YPV8gyyIfIliw9j',#1991,'Pset_BuildFlowExhibitionElement',$,(#1995,#1996,#1997,#1998));
#1993=IFCOWNERHISTORY(#3,#4,.READWRITE.,.ADDED.,1778919115,#3,#4,1778919115);
#1994=IFCRELDEFINESBYPROPERTIES('2KUDpo031Nc8gKnDb6ChGr',#1993,$,$,(#1176),#1992);
#1995=IFCPROPERTYSINGLEVALUE('Project',$,IFCLABEL('SOL Properties Exhibition Stand'),$);
#1996=IFCPROPERTYSINGLEVALUE('Brand',$,IFCLABEL('SOL Properties'),$);
#1997=IFCPROPERTYSINGLEVALUE('IsExhibitElement',$,IFCBOOLEAN(.T.),$);
#1998=IFCPROPERTYSINGLEVALUE('BrandMessage',$,IFCLABEL('Legacy you can stand inside'),$);
#1999=IFCOWNERHISTORY(#3,#4,.READWRITE.,.ADDED.,1778919115,#3,#4,1778919115);
#2000=IFCPROPERTYSET('290YPDvX1KRAcqJfX_TI_h',#1999,'Pset_BuildFlowExhibitionElement',$,(#2003,#2004,#2005,#2006));
#2001=IFCOWNERHISTORY(#3,#4,.READWRITE.,.ADDED.,1778919115,#3,#4,1778919115);
#2002=IFCRELDEFINESBYPROPERTIES('27rCCSsAjTfARCK6e3mZeY',#2001,$,$,(#485),#2000);
#2003=IFCPROPERTYSINGLEVALUE('Project',$,IFCLABEL('SOL Properties Exhibition Stand'),$);
#2004=IFCPROPERTYSINGLEVALUE('Brand',$,IFCLABEL('SOL Properties'),$);
#2005=IFCPROPERTYSINGLEVALUE('IsExhibitElement',$,IFCBOOLEAN(.T.),$);
#2006=IFCPROPERTYSINGLEVALUE('BrandMessage',$,IFCLABEL('Legacy you can stand inside'),$);
#2007=IFCOWNERHISTORY(#3,#4,.READWRITE.,.ADDED.,1778919115,#3,#4,1778919115);
#2008=IFCPROPERTYSET('2ZaJIVe3zUmRFDF$y1bqj2',#2007,'Pset_BuildFlowExhibitionElement',$,(#2011,#2012,#2013,#2014));
#2009=IFCOWNERHISTORY(#3,#4,.READWRITE.,.ADDED.,1778919115,#3,#4,1778919115);
#2010=IFCRELDEFINESBYPROPERTIES('0hcAkjcS1VuPUyY7D0M0do',#2009,$,$,(#653),#2008);
#2011=IFCPROPERTYSINGLEVALUE('Project',$,IFCLABEL('SOL Properties Exhibition Stand'),$);
#2012=IFCPROPERTYSINGLEVALUE('Brand',$,IFCLABEL('SOL Properties'),$);
#2013=IFCPROPERTYSINGLEVALUE('IsExhibitElement',$,IFCBOOLEAN(.T.),$);
#2014=IFCPROPERTYSINGLEVALUE('BrandMessage',$,IFCLABEL('Legacy you can stand inside'),$);
#2015=IFCOWNERHISTORY(#3,#4,.READWRITE.,.ADDED.,1778919115,#3,#4,1778919115);
#2016=IFCPROPERTYSET('2t5q$sUzvNc9KadxjaWvdB',#2015,'Pset_BuildFlowExhibitionElement',$,(#2019,#2020,#2021,#2022));
#2017=IFCOWNERHISTORY(#3,#4,.READWRITE.,.ADDED.,1778919115,#3,#4,1778919115);
#2018=IFCRELDEFINESBYPROPERTIES('1o85uRF61IAgOL3LMQzhHa',#2017,$,$,(#506),#2016);
#2019=IFCPROPERTYSINGLEVALUE('Project',$,IFCLABEL('SOL Properties Exhibition Stand'),$);
#2020=IFCPROPERTYSINGLEVALUE('Brand',$,IFCLABEL('SOL Properties'),$);
#2021=IFCPROPERTYSINGLEVALUE('IsExhibitElement',$,IFCBOOLEAN(.T.),$);
#2022=IFCPROPERTYSINGLEVALUE('BrandMessage',$,IFCLABEL('Legacy you can stand inside'),$);
#2023=IFCOWNERHISTORY(#3,#4,.READWRITE.,.ADDED.,1778919115,#3,#4,1778919115);
#2024=IFCPROPERTYSET('09cW1zZp1HuBsKqfeD_aFv',#2023,'Pset_BuildFlowExhibitionElement',$,(#2027,#2028,#2029,#2030));
#2025=IFCOWNERHISTORY(#3,#4,.READWRITE.,.ADDED.,1778919115,#3,#4,1778919115);
#2026=IFCRELDEFINESBYPROPERTIES('2timhtVUfOzuhZamosKz4F',#2025,$,$,(#674),#2024);
#2027=IFCPROPERTYSINGLEVALUE('Project',$,IFCLABEL('SOL Properties Exhibition Stand'),$);
#2028=IFCPROPERTYSINGLEVALUE('Brand',$,IFCLABEL('SOL Properties'),$);
#2029=IFCPROPERTYSINGLEVALUE('IsExhibitElement',$,IFCBOOLEAN(.T.),$);
#2030=IFCPROPERTYSINGLEVALUE('BrandMessage',$,IFCLABEL('Legacy you can stand inside'),$);
#2031=IFCOWNERHISTORY(#3,#4,.READWRITE.,.ADDED.,1778919115,#3,#4,1778919115);
#2032=IFCPROPERTYSET('1fSW9tBI5NnABrD0dmQtsN',#2031,'Pset_BuildFlowExhibitionElement',$,(#2035,#2036,#2037,#2038));
#2033=IFCOWNERHISTORY(#3,#4,.READWRITE.,.ADDED.,1778919115,#3,#4,1778919115);
#2034=IFCRELDEFINESBYPROPERTIES('1NBwh2KeXGtBBlhrkd_mSh',#2033,$,$,(#527),#2032);
#2035=IFCPROPERTYSINGLEVALUE('Project',$,IFCLABEL('SOL Properties Exhibition Stand'),$);
#2036=IFCPROPERTYSINGLEVALUE('Brand',$,IFCLABEL('SOL Properties'),$);
#2037=IFCPROPERTYSINGLEVALUE('IsExhibitElement',$,IFCBOOLEAN(.T.),$);
#2038=IFCPROPERTYSINGLEVALUE('BrandMessage',$,IFCLABEL('Legacy you can stand inside'),$);
#2039=IFCOWNERHISTORY(#3,#4,.READWRITE.,.ADDED.,1778919115,#3,#4,1778919115);
#2040=IFCPROPERTYSET('0dkIp$gBPS5utI1uv5tAqU',#2039,'Pset_BuildFlowExhibitionElement',$,(#2043,#2044,#2045,#2046));
#2041=IFCOWNERHISTORY(#3,#4,.READWRITE.,.ADDED.,1778919115,#3,#4,1778919115);
#2042=IFCRELDEFINESBYPROPERTIES('0hHRQ$999O_Qf28jDkD5GJ',#2041,$,$,(#695),#2040);
#2043=IFCPROPERTYSINGLEVALUE('Project',$,IFCLABEL('SOL Properties Exhibition Stand'),$);
#2044=IFCPROPERTYSINGLEVALUE('Brand',$,IFCLABEL('SOL Properties'),$);
#2045=IFCPROPERTYSINGLEVALUE('IsExhibitElement',$,IFCBOOLEAN(.T.),$);
#2046=IFCPROPERTYSINGLEVALUE('BrandMessage',$,IFCLABEL('Legacy you can stand inside'),$);
#2047=IFCOWNERHISTORY(#3,#4,.READWRITE.,.ADDED.,1778919115,#3,#4,1778919115);
#2048=IFCPROPERTYSET('2Hdri9dIvI28dH$0hJo$gX',#2047,'Pset_BuildFlowExhibitionElement',$,(#2051,#2052,#2053,#2054));
#2049=IFCOWNERHISTORY(#3,#4,.READWRITE.,.ADDED.,1778919115,#3,#4,1778919115);
#2050=IFCRELDEFINESBYPROPERTIES('39ppRiUAbQreysDbVcsHYu',#2049,$,$,(#548),#2048);
#2051=IFCPROPERTYSINGLEVALUE('Project',$,IFCLABEL('SOL Properties Exhibition Stand'),$);
#2052=IFCPROPERTYSINGLEVALUE('Brand',$,IFCLABEL('SOL Properties'),$);
#2053=IFCPROPERTYSINGLEVALUE('IsExhibitElement',$,IFCBOOLEAN(.T.),$);
#2054=IFCPROPERTYSINGLEVALUE('BrandMessage',$,IFCLABEL('Legacy you can stand inside'),$);
#2055=IFCOWNERHISTORY(#3,#4,.READWRITE.,.ADDED.,1778919115,#3,#4,1778919115);
#2056=IFCPROPERTYSET('2qOF3ccNXKB8Et2piBB$e9',#2055,'Pset_BuildFlowExhibitionElement',$,(#2059,#2060,#2061,#2062));
#2057=IFCOWNERHISTORY(#3,#4,.READWRITE.,.ADDED.,1778919115,#3,#4,1778919115);
#2058=IFCRELDEFINESBYPROPERTIES('3oi2mLVPjGAxpOtbmDxBjG',#2057,$,$,(#716),#2056);
#2059=IFCPROPERTYSINGLEVALUE('Project',$,IFCLABEL('SOL Properties Exhibition Stand'),$);
#2060=IFCPROPERTYSINGLEVALUE('Brand',$,IFCLABEL('SOL Properties'),$);
#2061=IFCPROPERTYSINGLEVALUE('IsExhibitElement',$,IFCBOOLEAN(.T.),$);
#2062=IFCPROPERTYSINGLEVALUE('BrandMessage',$,IFCLABEL('Legacy you can stand inside'),$);
#2063=IFCOWNERHISTORY(#3,#4,.READWRITE.,.ADDED.,1778919115,#3,#4,1778919115);
#2064=IFCPROPERTYSET('3lasWcpQrT2PwR0KBkrD2m',#2063,'Pset_BuildFlowExhibitionElement',$,(#2067,#2068,#2069,#2070));
#2065=IFCOWNERHISTORY(#3,#4,.READWRITE.,.ADDED.,1778919115,#3,#4,1778919115);
#2066=IFCRELDEFINESBYPROPERTIES('2le90X0afIQ8ILg8yiJ_CC',#2065,$,$,(#569),#2064);
#2067=IFCPROPERTYSINGLEVALUE('Project',$,IFCLABEL('SOL Properties Exhibition Stand'),$);
#2068=IFCPROPERTYSINGLEVALUE('Brand',$,IFCLABEL('SOL Properties'),$);
#2069=IFCPROPERTYSINGLEVALUE('IsExhibitElement',$,IFCBOOLEAN(.T.),$);
#2070=IFCPROPERTYSINGLEVALUE('BrandMessage',$,IFCLABEL('Legacy you can stand inside'),$);
#2071=IFCOWNERHISTORY(#3,#4,.READWRITE.,.ADDED.,1778919115,#3,#4,1778919115);
#2072=IFCPROPERTYSET('1ol_LbgrLJDheA8jJhILWy',#2071,'Pset_BuildFlowExhibitionElement',$,(#2075,#2076,#2077,#2078));
#2073=IFCOWNERHISTORY(#3,#4,.READWRITE.,.ADDED.,1778919115,#3,#4,1778919115);
#2074=IFCRELDEFINESBYPROPERTIES('2tYMdbWPXNW8kr3dxiMgmA',#2073,$,$,(#737),#2072);
#2075=IFCPROPERTYSINGLEVALUE('Project',$,IFCLABEL('SOL Properties Exhibition Stand'),$);
#2076=IFCPROPERTYSINGLEVALUE('Brand',$,IFCLABEL('SOL Properties'),$);
#2077=IFCPROPERTYSINGLEVALUE('IsExhibitElement',$,IFCBOOLEAN(.T.),$);
#2078=IFCPROPERTYSINGLEVALUE('BrandMessage',$,IFCLABEL('Legacy you can stand inside'),$);
#2079=IFCOWNERHISTORY(#3,#4,.READWRITE.,.ADDED.,1778919115,#3,#4,1778919115);
#2080=IFCPROPERTYSET('2wW3TYocPLkQhIGd_k7HxS',#2079,'Pset_BuildFlowExhibitionElement',$,(#2083,#2084,#2085,#2086));
#2081=IFCOWNERHISTORY(#3,#4,.READWRITE.,.ADDED.,1778919115,#3,#4,1778919115);
#2082=IFCRELDEFINESBYPROPERTIES('3$pjQj0jnKNw7xS1otUmon',#2081,$,$,(#590),#2080);
#2083=IFCPROPERTYSINGLEVALUE('Project',$,IFCLABEL('SOL Properties Exhibition Stand'),$);
#2084=IFCPROPERTYSINGLEVALUE('Brand',$,IFCLABEL('SOL Properties'),$);
#2085=IFCPROPERTYSINGLEVALUE('IsExhibitElement',$,IFCBOOLEAN(.T.),$);
#2086=IFCPROPERTYSINGLEVALUE('BrandMessage',$,IFCLABEL('Legacy you can stand inside'),$);
#2087=IFCOWNERHISTORY(#3,#4,.READWRITE.,.ADDED.,1778919115,#3,#4,1778919115);
#2088=IFCPROPERTYSET('2vtrF$OATHqvema83kDt8A',#2087,'Pset_BuildFlowExhibitionElement',$,(#2091,#2092,#2093,#2094));
#2089=IFCOWNERHISTORY(#3,#4,.READWRITE.,.ADDED.,1778919115,#3,#4,1778919115);
#2090=IFCRELDEFINESBYPROPERTIES('3ppZEb$EXUEOgxDTi2gkdl',#2089,$,$,(#758),#2088);
#2091=IFCPROPERTYSINGLEVALUE('Project',$,IFCLABEL('SOL Properties Exhibition Stand'),$);
#2092=IFCPROPERTYSINGLEVALUE('Brand',$,IFCLABEL('SOL Properties'),$);
#2093=IFCPROPERTYSINGLEVALUE('IsExhibitElement',$,IFCBOOLEAN(.T.),$);
#2094=IFCPROPERTYSINGLEVALUE('BrandMessage',$,IFCLABEL('Legacy you can stand inside'),$);
#2095=IFCOWNERHISTORY(#3,#4,.READWRITE.,.ADDED.,1778919115,#3,#4,1778919115);
#2096=IFCPROPERTYSET('3vObDn4uPLdABs$DKj6wX$',#2095,'Pset_BuildFlowExhibitionElement',$,(#2099,#2100,#2101,#2102));
#2097=IFCOWNERHISTORY(#3,#4,.READWRITE.,.ADDED.,1778919115,#3,#4,1778919115);
#2098=IFCRELDEFINESBYPROPERTIES('0RIiIyoO9RsA2svSEBWWNR',#2097,$,$,(#611),#2096);
#2099=IFCPROPERTYSINGLEVALUE('Project',$,IFCLABEL('SOL Properties Exhibition Stand'),$);
#2100=IFCPROPERTYSINGLEVALUE('Brand',$,IFCLABEL('SOL Properties'),$);
#2101=IFCPROPERTYSINGLEVALUE('IsExhibitElement',$,IFCBOOLEAN(.T.),$);
#2102=IFCPROPERTYSINGLEVALUE('BrandMessage',$,IFCLABEL('Legacy you can stand inside'),$);
#2103=IFCOWNERHISTORY(#3,#4,.READWRITE.,.ADDED.,1778919115,#3,#4,1778919115);
#2104=IFCPROPERTYSET('12jXSNiAbHsuMsoEzBETKL',#2103,'Pset_BuildFlowExhibitionElement',$,(#2107,#2108,#2109,#2110));
#2105=IFCOWNERHISTORY(#3,#4,.READWRITE.,.ADDED.,1778919115,#3,#4,1778919115);
#2106=IFCRELDEFINESBYPROPERTIES('3$9LfaZ65NnQCl9VwLtClz',#2105,$,$,(#779),#2104);
#2107=IFCPROPERTYSINGLEVALUE('Project',$,IFCLABEL('SOL Properties Exhibition Stand'),$);
#2108=IFCPROPERTYSINGLEVALUE('Brand',$,IFCLABEL('SOL Properties'),$);
#2109=IFCPROPERTYSINGLEVALUE('IsExhibitElement',$,IFCBOOLEAN(.T.),$);
#2110=IFCPROPERTYSINGLEVALUE('BrandMessage',$,IFCLABEL('Legacy you can stand inside'),$);
#2111=IFCOWNERHISTORY(#3,#4,.READWRITE.,.ADDED.,1778919115,#3,#4,1778919115);
#2112=IFCPROPERTYSET('2rinIUbCbUIPRpEZuAa3TA',#2111,'Pset_BuildFlowExhibitionElement',$,(#2115,#2116,#2117,#2118));
#2113=IFCOWNERHISTORY(#3,#4,.READWRITE.,.ADDED.,1778919115,#3,#4,1778919115);
#2114=IFCRELDEFINESBYPROPERTIES('3CWP3_xOnSpQUzd3b20cin',#2113,$,$,(#632),#2112);
#2115=IFCPROPERTYSINGLEVALUE('Project',$,IFCLABEL('SOL Properties Exhibition Stand'),$);
#2116=IFCPROPERTYSINGLEVALUE('Brand',$,IFCLABEL('SOL Properties'),$);
#2117=IFCPROPERTYSINGLEVALUE('IsExhibitElement',$,IFCBOOLEAN(.T.),$);
#2118=IFCPROPERTYSINGLEVALUE('BrandMessage',$,IFCLABEL('Legacy you can stand inside'),$);
#2119=IFCOWNERHISTORY(#3,#4,.READWRITE.,.ADDED.,1778919115,#3,#4,1778919115);
#2120=IFCPROPERTYSET('2NdzbB0aPOUROPAru87Luj',#2119,'Pset_BuildFlowExhibitionElement',$,(#2123,#2124,#2125,#2126));
#2121=IFCOWNERHISTORY(#3,#4,.READWRITE.,.ADDED.,1778919115,#3,#4,1778919115);
#2122=IFCRELDEFINESBYPROPERTIES('3f9oY5so9LVuQ9g1lV76K3',#2121,$,$,(#800),#2120);
#2123=IFCPROPERTYSINGLEVALUE('Project',$,IFCLABEL('SOL Properties Exhibition Stand'),$);
#2124=IFCPROPERTYSINGLEVALUE('Brand',$,IFCLABEL('SOL Properties'),$);
#2125=IFCPROPERTYSINGLEVALUE('IsExhibitElement',$,IFCBOOLEAN(.T.),$);
#2126=IFCPROPERTYSINGLEVALUE('BrandMessage',$,IFCLABEL('Legacy you can stand inside'),$);
#2127=IFCOWNERHISTORY(#3,#4,.READWRITE.,.ADDED.,1778919115,#3,#4,1778919115);
#2128=IFCPROPERTYSET('12r0DuYlHOjuvgVkwoZx$d',#2127,'Pset_BuildFlowExhibitionElement',$,(#2131,#2132,#2133,#2134));
#2129=IFCOWNERHISTORY(#3,#4,.READWRITE.,.ADDED.,1778919115,#3,#4,1778919115);
#2130=IFCRELDEFINESBYPROPERTIES('0dvBMBwHrRoxae6A5y9XzL',#2129,$,$,(#1534),#2128);
#2131=IFCPROPERTYSINGLEVALUE('Project',$,IFCLABEL('SOL Properties Exhibition Stand'),$);
#2132=IFCPROPERTYSINGLEVALUE('Brand',$,IFCLABEL('SOL Properties'),$);
#2133=IFCPROPERTYSINGLEVALUE('IsExhibitElement',$,IFCBOOLEAN(.T.),$);
#2134=IFCPROPERTYSINGLEVALUE('BrandMessage',$,IFCLABEL('Legacy you can stand inside'),$);
#2135=IFCOWNERHISTORY(#3,#4,.READWRITE.,.ADDED.,1778919115,#3,#4,1778919115);
#2136=IFCPROPERTYSET('2Pyu3T0VbNuP1ONR_38zw4',#2135,'Pset_BuildFlowExhibitionElement',$,(#2139,#2140,#2141,#2142));
#2137=IFCOWNERHISTORY(#3,#4,.READWRITE.,.ADDED.,1778919115,#3,#4,1778919115);
#2138=IFCRELDEFINESBYPROPERTIES('3cUhHHh3DTVA$o8yrmGE3u',#2137,$,$,(#1555),#2136);
#2139=IFCPROPERTYSINGLEVALUE('Project',$,IFCLABEL('SOL Properties Exhibition Stand'),$);
#2140=IFCPROPERTYSINGLEVALUE('Brand',$,IFCLABEL('SOL Properties'),$);
#2141=IFCPROPERTYSINGLEVALUE('IsExhibitElement',$,IFCBOOLEAN(.T.),$);
#2142=IFCPROPERTYSINGLEVALUE('BrandMessage',$,IFCLABEL('Legacy you can stand inside'),$);
#2143=IFCOWNERHISTORY(#3,#4,.READWRITE.,.ADDED.,1778919115,#3,#4,1778919115);
#2144=IFCPROPERTYSET('1xgJjd8anHSgoJT58oG5L9',#2143,'Pset_BuildFlowExhibitionElement',$,(#2147,#2148,#2149,#2150));
#2145=IFCOWNERHISTORY(#3,#4,.READWRITE.,.ADDED.,1778919115,#3,#4,1778919115);
#2146=IFCRELDEFINESBYPROPERTIES('0yIS5fYnHSFvbWIuonmol4',#2145,$,$,(#1576),#2144);
#2147=IFCPROPERTYSINGLEVALUE('Project',$,IFCLABEL('SOL Properties Exhibition Stand'),$);
#2148=IFCPROPERTYSINGLEVALUE('Brand',$,IFCLABEL('SOL Properties'),$);
#2149=IFCPROPERTYSINGLEVALUE('IsExhibitElement',$,IFCBOOLEAN(.T.),$);
#2150=IFCPROPERTYSINGLEVALUE('BrandMessage',$,IFCLABEL('Legacy you can stand inside'),$);
#2151=IFCOWNERHISTORY(#3,#4,.READWRITE.,.ADDED.,1778919115,#3,#4,1778919115);
#2152=IFCPROPERTYSET('0m4DhuY_HJOv66X0dvSYI_',#2151,'Pset_BuildFlowExhibitionElement',$,(#2155,#2156,#2157,#2158));
#2153=IFCOWNERHISTORY(#3,#4,.READWRITE.,.ADDED.,1778919115,#3,#4,1778919115);
#2154=IFCRELDEFINESBYPROPERTIES('1XCtszDJrHJOpGjcuoodNl',#2153,$,$,(#1597),#2152);
#2155=IFCPROPERTYSINGLEVALUE('Project',$,IFCLABEL('SOL Properties Exhibition Stand'),$);
#2156=IFCPROPERTYSINGLEVALUE('Brand',$,IFCLABEL('SOL Properties'),$);
#2157=IFCPROPERTYSINGLEVALUE('IsExhibitElement',$,IFCBOOLEAN(.T.),$);
#2158=IFCPROPERTYSINGLEVALUE('BrandMessage',$,IFCLABEL('Legacy you can stand inside'),$);
#2159=IFCOWNERHISTORY(#3,#4,.READWRITE.,.ADDED.,1778919115,#3,#4,1778919115);
#2160=IFCPROPERTYSET('3EPFQdBr9LMgtM$wjGLtcc',#2159,'Pset_BuildFlowExhibitionElement',$,(#2163,#2164,#2165,#2166));
#2161=IFCOWNERHISTORY(#3,#4,.READWRITE.,.ADDED.,1778919115,#3,#4,1778919115);
#2162=IFCRELDEFINESBYPROPERTIES('1EFj5MGVrG3g$eJqNz65$g',#2161,$,$,(#1618),#2160);
#2163=IFCPROPERTYSINGLEVALUE('Project',$,IFCLABEL('SOL Properties Exhibition Stand'),$);
#2164=IFCPROPERTYSINGLEVALUE('Brand',$,IFCLABEL('SOL Properties'),$);
#2165=IFCPROPERTYSINGLEVALUE('IsExhibitElement',$,IFCBOOLEAN(.T.),$);
#2166=IFCPROPERTYSINGLEVALUE('BrandMessage',$,IFCLABEL('Legacy you can stand inside'),$);
#2167=IFCOWNERHISTORY(#3,#4,.READWRITE.,.ADDED.,1778919115,#3,#4,1778919115);
#2168=IFCPROPERTYSET('1MocLZfuXUVeaeh9t8EpbT',#2167,'Pset_BuildFlowExhibitionElement',$,(#2171,#2172,#2173,#2174));
#2169=IFCOWNERHISTORY(#3,#4,.READWRITE.,.ADDED.,1778919115,#3,#4,1778919115);
#2170=IFCRELDEFINESBYPROPERTIES('0qOOhrAjnUhPpeFD2tmmCe',#2169,$,$,(#1639),#2168);
#2171=IFCPROPERTYSINGLEVALUE('Project',$,IFCLABEL('SOL Properties Exhibition Stand'),$);
#2172=IFCPROPERTYSINGLEVALUE('Brand',$,IFCLABEL('SOL Properties'),$);
#2173=IFCPROPERTYSINGLEVALUE('IsExhibitElement',$,IFCBOOLEAN(.T.),$);
#2174=IFCPROPERTYSINGLEVALUE('BrandMessage',$,IFCLABEL('Legacy you can stand inside'),$);
#2175=IFCOWNERHISTORY(#3,#4,.READWRITE.,.ADDED.,1778919115,#3,#4,1778919115);
#2176=IFCPROPERTYSET('1ac1VlAJnPxvKKCATeO12d',#2175,'Pset_BuildFlowExhibitionElement',$,(#2179,#2180,#2181,#2182));
#2177=IFCOWNERHISTORY(#3,#4,.READWRITE.,.ADDED.,1778919115,#3,#4,1778919115);
#2178=IFCRELDEFINESBYPROPERTIES('3rK2IkW3PGZvGGUdu$CjIs',#2177,$,$,(#1660),#2176);
#2179=IFCPROPERTYSINGLEVALUE('Project',$,IFCLABEL('SOL Properties Exhibition Stand'),$);
#2180=IFCPROPERTYSINGLEVALUE('Brand',$,IFCLABEL('SOL Properties'),$);
#2181=IFCPROPERTYSINGLEVALUE('IsExhibitElement',$,IFCBOOLEAN(.T.),$);
#2182=IFCPROPERTYSINGLEVALUE('BrandMessage',$,IFCLABEL('Legacy you can stand inside'),$);
#2183=IFCOWNERHISTORY(#3,#4,.READWRITE.,.ADDED.,1778919115,#3,#4,1778919115);
#2184=IFCPROPERTYSET('30YD7gJR9MCR_My9O5tA86',#2183,'Pset_BuildFlowExhibitionElement',$,(#2187,#2188,#2189,#2190));
#2185=IFCOWNERHISTORY(#3,#4,.READWRITE.,.ADDED.,1778919115,#3,#4,1778919115);
#2186=IFCRELDEFINESBYPROPERTIES('1YNk13m$rOLgPff9SQtICD',#2185,$,$,(#1428),#2184);
#2187=IFCPROPERTYSINGLEVALUE('Project',$,IFCLABEL('SOL Properties Exhibition Stand'),$);
#2188=IFCPROPERTYSINGLEVALUE('Brand',$,IFCLABEL('SOL Properties'),$);
#2189=IFCPROPERTYSINGLEVALUE('IsExhibitElement',$,IFCBOOLEAN(.T.),$);
#2190=IFCPROPERTYSINGLEVALUE('BrandMessage',$,IFCLABEL('Legacy you can stand inside'),$);
#2191=IFCOWNERHISTORY(#3,#4,.READWRITE.,.ADDED.,1778919115,#3,#4,1778919115);
#2192=IFCPROPERTYSET('3UIwjID8fLl8uqClvZIZkQ',#2191,'Pset_BuildFlowExhibitionElement',$,(#2195,#2196,#2197,#2198));
#2193=IFCOWNERHISTORY(#3,#4,.READWRITE.,.ADDED.,1778919115,#3,#4,1778919115);
#2194=IFCRELDEFINESBYPROPERTIES('0gwr_a5A1J5gvEkpZrYUFF',#2193,$,$,(#1450),#2192);
#2195=IFCPROPERTYSINGLEVALUE('Project',$,IFCLABEL('SOL Properties Exhibition Stand'),$);
#2196=IFCPROPERTYSINGLEVALUE('Brand',$,IFCLABEL('SOL Properties'),$);
#2197=IFCPROPERTYSINGLEVALUE('IsExhibitElement',$,IFCBOOLEAN(.T.),$);
#2198=IFCPROPERTYSINGLEVALUE('BrandMessage',$,IFCLABEL('Legacy you can stand inside'),$);
#2199=IFCOWNERHISTORY(#3,#4,.READWRITE.,.ADDED.,1778919115,#3,#4,1778919115);
#2200=IFCPROPERTYSET('1x$EE2XATRJBqoKaL$1Yfg',#2199,'Pset_BuildFlowExhibitionElement',$,(#2203,#2204,#2205,#2206));
#2201=IFCOWNERHISTORY(#3,#4,.READWRITE.,.ADDED.,1778919115,#3,#4,1778919115);
#2202=IFCRELDEFINESBYPROPERTIES('1abA_WvqDMAPi8SWKIhwpi',#2201,$,$,(#1849),#2200);
#2203=IFCPROPERTYSINGLEVALUE('Project',$,IFCLABEL('SOL Properties Exhibition Stand'),$);
#2204=IFCPROPERTYSINGLEVALUE('Brand',$,IFCLABEL('SOL Properties'),$);
#2205=IFCPROPERTYSINGLEVALUE('IsExhibitElement',$,IFCBOOLEAN(.T.),$);
#2206=IFCPROPERTYSINGLEVALUE('BrandMessage',$,IFCLABEL('Legacy you can stand inside'),$);
#2207=IFCOWNERHISTORY(#3,#4,.READWRITE.,.ADDED.,1778919115,#3,#4,1778919115);
#2208=IFCPROPERTYSET('1dxbp$rzPVYxEsgXPXmZOS',#2207,'Pset_BuildFlowExhibitionElement',$,(#2211,#2212,#2213,#2214));
#2209=IFCOWNERHISTORY(#3,#4,.READWRITE.,.ADDED.,1778919115,#3,#4,1778919115);
#2210=IFCRELDEFINESBYPROPERTIES('1aYeTyCtfOb8_LoQaCP1l_',#2209,$,$,(#1471),#2208);
#2211=IFCPROPERTYSINGLEVALUE('Project',$,IFCLABEL('SOL Properties Exhibition Stand'),$);
#2212=IFCPROPERTYSINGLEVALUE('Brand',$,IFCLABEL('SOL Properties'),$);
#2213=IFCPROPERTYSINGLEVALUE('IsExhibitElement',$,IFCBOOLEAN(.T.),$);
#2214=IFCPROPERTYSINGLEVALUE('BrandMessage',$,IFCLABEL('Legacy you can stand inside'),$);
#2215=IFCOWNERHISTORY(#3,#4,.READWRITE.,.ADDED.,1778919115,#3,#4,1778919115);
#2216=IFCPROPERTYSET('3OsPUHa0DOXxBmRz08S59g',#2215,'Pset_BuildFlowExhibitionElement',$,(#2219,#2220,#2221,#2222));
#2217=IFCOWNERHISTORY(#3,#4,.READWRITE.,.ADDED.,1778919115,#3,#4,1778919115);
#2218=IFCRELDEFINESBYPROPERTIES('08E2zkOmHHOP4C_kgNYi1Y',#2217,$,$,(#1870),#2216);
#2219=IFCPROPERTYSINGLEVALUE('Project',$,IFCLABEL('SOL Properties Exhibition Stand'),$);
#2220=IFCPROPERTYSINGLEVALUE('Brand',$,IFCLABEL('SOL Properties'),$);
#2221=IFCPROPERTYSINGLEVALUE('IsExhibitElement',$,IFCBOOLEAN(.T.),$);
#2222=IFCPROPERTYSINGLEVALUE('BrandMessage',$,IFCLABEL('Legacy you can stand inside'),$);
#2223=IFCOWNERHISTORY(#3,#4,.READWRITE.,.ADDED.,1778919115,#3,#4,1778919115);
#2224=IFCPROPERTYSET('2oq$kOQifNdheErqeg0Uyr',#2223,'Pset_BuildFlowExhibitionElement',$,(#2227,#2228,#2229,#2230));
#2225=IFCOWNERHISTORY(#3,#4,.READWRITE.,.ADDED.,1778919115,#3,#4,1778919115);
#2226=IFCRELDEFINESBYPROPERTIES('1iCEOvCXjKlxUPqT4DqhP3',#2225,$,$,(#1492),#2224);
#2227=IFCPROPERTYSINGLEVALUE('Project',$,IFCLABEL('SOL Properties Exhibition Stand'),$);
#2228=IFCPROPERTYSINGLEVALUE('Brand',$,IFCLABEL('SOL Properties'),$);
#2229=IFCPROPERTYSINGLEVALUE('IsExhibitElement',$,IFCBOOLEAN(.T.),$);
#2230=IFCPROPERTYSINGLEVALUE('BrandMessage',$,IFCLABEL('Legacy you can stand inside'),$);
#2231=IFCOWNERHISTORY(#3,#4,.READWRITE.,.ADDED.,1778919115,#3,#4,1778919115);
#2232=IFCPROPERTYSET('2GWTggAGzMPPJg9gFx2cEb',#2231,'Pset_BuildFlowExhibitionElement',$,(#2235,#2236,#2237,#2238));
#2233=IFCOWNERHISTORY(#3,#4,.READWRITE.,.ADDED.,1778919115,#3,#4,1778919115);
#2234=IFCRELDEFINESBYPROPERTIES('3L7GK$8QjKHgCTYjLeSVgj',#2233,$,$,(#1891),#2232);
#2235=IFCPROPERTYSINGLEVALUE('Project',$,IFCLABEL('SOL Properties Exhibition Stand'),$);
#2236=IFCPROPERTYSINGLEVALUE('Brand',$,IFCLABEL('SOL Properties'),$);
#2237=IFCPROPERTYSINGLEVALUE('IsExhibitElement',$,IFCBOOLEAN(.T.),$);
#2238=IFCPROPERTYSINGLEVALUE('BrandMessage',$,IFCLABEL('Legacy you can stand inside'),$);
#2239=IFCOWNERHISTORY(#3,#4,.READWRITE.,.ADDED.,1778919115,#3,#4,1778919115);
#2240=IFCPROPERTYSET('2erLczoBnVhf_gxvaRF89H',#2239,'Pset_BuildFlowExhibitionElement',$,(#2243,#2244,#2245,#2246));
#2241=IFCOWNERHISTORY(#3,#4,.READWRITE.,.ADDED.,1778919115,#3,#4,1778919115);
#2242=IFCRELDEFINESBYPROPERTIES('0_603qBzLIRe4f0BIWP43F',#2241,$,$,(#1513),#2240);
#2243=IFCPROPERTYSINGLEVALUE('Project',$,IFCLABEL('SOL Properties Exhibition Stand'),$);
#2244=IFCPROPERTYSINGLEVALUE('Brand',$,IFCLABEL('SOL Properties'),$);
#2245=IFCPROPERTYSINGLEVALUE('IsExhibitElement',$,IFCBOOLEAN(.T.),$);
#2246=IFCPROPERTYSINGLEVALUE('BrandMessage',$,IFCLABEL('Legacy you can stand inside'),$);
#2247=IFCOWNERHISTORY(#3,#4,.READWRITE.,.ADDED.,1778919115,#3,#4,1778919115);
#2248=IFCPROPERTYSET('3EyLucpxzUC9aAFeMIqgsv',#2247,'Pset_BuildFlowExhibitionElement',$,(#2251,#2252,#2253,#2254));
#2249=IFCOWNERHISTORY(#3,#4,.READWRITE.,.ADDED.,1778919115,#3,#4,1778919115);
#2250=IFCRELDEFINESBYPROPERTIES('2uQXXASivLkOSWzqzAXbg2',#2249,$,$,(#1323),#2248);
#2251=IFCPROPERTYSINGLEVALUE('Project',$,IFCLABEL('SOL Properties Exhibition Stand'),$);
#2252=IFCPROPERTYSINGLEVALUE('Brand',$,IFCLABEL('SOL Properties'),$);
#2253=IFCPROPERTYSINGLEVALUE('IsExhibitElement',$,IFCBOOLEAN(.T.),$);
#2254=IFCPROPERTYSINGLEVALUE('BrandMessage',$,IFCLABEL('Legacy you can stand inside'),$);
#2255=IFCOWNERHISTORY(#3,#4,.READWRITE.,.ADDED.,1778919115,#3,#4,1778919115);
#2256=IFCPROPERTYSET('3YMjeXLCLTUPE3c0DN6gVy',#2255,'Pset_BuildFlowExhibitionElement',$,(#2259,#2260,#2261,#2262));
#2257=IFCOWNERHISTORY(#3,#4,.READWRITE.,.ADDED.,1778919115,#3,#4,1778919115);
#2258=IFCRELDEFINESBYPROPERTIES('2mVKK8iMXN1BpCzxkraxgj',#2257,$,$,(#1407),#2256);
#2259=IFCPROPERTYSINGLEVALUE('Project',$,IFCLABEL('SOL Properties Exhibition Stand'),$);
#2260=IFCPROPERTYSINGLEVALUE('Brand',$,IFCLABEL('SOL Properties'),$);
#2261=IFCPROPERTYSINGLEVALUE('IsExhibitElement',$,IFCBOOLEAN(.T.),$);
#2262=IFCPROPERTYSINGLEVALUE('BrandMessage',$,IFCLABEL('Legacy you can stand inside'),$);
#2263=IFCOWNERHISTORY(#3,#4,.READWRITE.,.ADDED.,1778919115,#3,#4,1778919115);
#2264=IFCPROPERTYSET('26_79A3aTTCQL6V$i_On2Z',#2263,'Pset_BuildFlowExhibitionElement',$,(#2267,#2268,#2269,#2270));
#2265=IFCOWNERHISTORY(#3,#4,.READWRITE.,.ADDED.,1778919115,#3,#4,1778919115);
#2266=IFCRELDEFINESBYPROPERTIES('1dG8QvAB9JruIpN1VauMWw',#2265,$,$,(#1365),#2264);
#2267=IFCPROPERTYSINGLEVALUE('Project',$,IFCLABEL('SOL Properties Exhibition Stand'),$);
#2268=IFCPROPERTYSINGLEVALUE('Brand',$,IFCLABEL('SOL Properties'),$);
#2269=IFCPROPERTYSINGLEVALUE('IsExhibitElement',$,IFCBOOLEAN(.T.),$);
#2270=IFCPROPERTYSINGLEVALUE('BrandMessage',$,IFCLABEL('Legacy you can stand inside'),$);
#2271=IFCOWNERHISTORY(#3,#4,.READWRITE.,.ADDED.,1778919115,#3,#4,1778919115);
#2272=IFCPROPERTYSET('3P_LxHxAPSAPDsIiQkrsdX',#2271,'Pset_BuildFlowExhibitionElement',$,(#2275,#2276,#2277,#2278));
#2273=IFCOWNERHISTORY(#3,#4,.READWRITE.,.ADDED.,1778919115,#3,#4,1778919115);
#2274=IFCRELDEFINESBYPROPERTIES('3NA0wz_JXKfBl8vRdvigiv',#2273,$,$,(#1344),#2272);
#2275=IFCPROPERTYSINGLEVALUE('Project',$,IFCLABEL('SOL Properties Exhibition Stand'),$);
#2276=IFCPROPERTYSINGLEVALUE('Brand',$,IFCLABEL('SOL Properties'),$);
#2277=IFCPROPERTYSINGLEVALUE('IsExhibitElement',$,IFCBOOLEAN(.T.),$);
#2278=IFCPROPERTYSINGLEVALUE('BrandMessage',$,IFCLABEL('Legacy you can stand inside'),$);
#2279=IFCOWNERHISTORY(#3,#4,.READWRITE.,.ADDED.,1778919115,#3,#4,1778919115);
#2280=IFCPROPERTYSET('2rkJ3yBN1RgwBOe7fsBu8Q',#2279,'Pset_BuildFlowExhibitionElement',$,(#2283,#2284,#2285,#2286));
#2281=IFCOWNERHISTORY(#3,#4,.READWRITE.,.ADDED.,1778919115,#3,#4,1778919115);
#2282=IFCRELDEFINESBYPROPERTIES('3VaAMnalLO99R$PbbWf7zS',#2281,$,$,(#1260),#2280);
#2283=IFCPROPERTYSINGLEVALUE('Project',$,IFCLABEL('SOL Properties Exhibition Stand'),$);
#2284=IFCPROPERTYSINGLEVALUE('Brand',$,IFCLABEL('SOL Properties'),$);
#2285=IFCPROPERTYSINGLEVALUE('IsExhibitElement',$,IFCBOOLEAN(.T.),$);
#2286=IFCPROPERTYSINGLEVALUE('BrandMessage',$,IFCLABEL('Legacy you can stand inside'),$);
#2287=IFCOWNERHISTORY(#3,#4,.READWRITE.,.ADDED.,1778919115,#3,#4,1778919115);
#2288=IFCPROPERTYSET('1cRHwPQqXTDBNTTlBouWWi',#2287,'Pset_BuildFlowExhibitionElement',$,(#2291,#2292,#2293,#2294));
#2289=IFCOWNERHISTORY(#3,#4,.READWRITE.,.ADDED.,1778919115,#3,#4,1778919115);
#2290=IFCRELDEFINESBYPROPERTIES('1fGcNdolrOeAMWkRgKOFhJ',#2289,$,$,(#1302),#2288);
#2291=IFCPROPERTYSINGLEVALUE('Project',$,IFCLABEL('SOL Properties Exhibition Stand'),$);
#2292=IFCPROPERTYSINGLEVALUE('Brand',$,IFCLABEL('SOL Properties'),$);
#2293=IFCPROPERTYSINGLEVALUE('IsExhibitElement',$,IFCBOOLEAN(.T.),$);
#2294=IFCPROPERTYSINGLEVALUE('BrandMessage',$,IFCLABEL('Legacy you can stand inside'),$);
#2295=IFCOWNERHISTORY(#3,#4,.READWRITE.,.ADDED.,1778919115,#3,#4,1778919115);
#2296=IFCPROPERTYSET('0wryH1YobIe8cHCZmoyJ4J',#2295,'Pset_BuildFlowExhibitionElement',$,(#2299,#2300,#2301,#2302));
#2297=IFCOWNERHISTORY(#3,#4,.READWRITE.,.ADDED.,1778919115,#3,#4,1778919115);
#2298=IFCRELDEFINESBYPROPERTIES('0vbN5EPvnM7RNt2VtjKh6j',#2297,$,$,(#1281),#2296);
#2299=IFCPROPERTYSINGLEVALUE('Project',$,IFCLABEL('SOL Properties Exhibition Stand'),$);
#2300=IFCPROPERTYSINGLEVALUE('Brand',$,IFCLABEL('SOL Properties'),$);
#2301=IFCPROPERTYSINGLEVALUE('IsExhibitElement',$,IFCBOOLEAN(.T.),$);
#2302=IFCPROPERTYSINGLEVALUE('BrandMessage',$,IFCLABEL('Legacy you can stand inside'),$);
#2303=IFCOWNERHISTORY(#3,#4,.READWRITE.,.ADDED.,1778919115,#3,#4,1778919115);
#2304=IFCPROPERTYSET('36B6MxKJzJwfQSFqe9IYgN',#2303,'Pset_BuildFlowExhibitionElement',$,(#2307,#2308,#2309,#2310));
#2305=IFCOWNERHISTORY(#3,#4,.READWRITE.,.ADDED.,1778919115,#3,#4,1778919115);
#2306=IFCRELDEFINESBYPROPERTIES('1fhuwP2zrS1hE$T6R1nC9i',#2305,$,$,(#1197),#2304);
#2307=IFCPROPERTYSINGLEVALUE('Project',$,IFCLABEL('SOL Properties Exhibition Stand'),$);
#2308=IFCPROPERTYSINGLEVALUE('Brand',$,IFCLABEL('SOL Properties'),$);
#2309=IFCPROPERTYSINGLEVALUE('IsExhibitElement',$,IFCBOOLEAN(.T.),$);
#2310=IFCPROPERTYSINGLEVALUE('BrandMessage',$,IFCLABEL('Legacy you can stand inside'),$);
#2311=IFCOWNERHISTORY(#3,#4,.READWRITE.,.ADDED.,1778919115,#3,#4,1778919115);
#2312=IFCPROPERTYSET('0sJ5iFcSXH38IzGl9061Qz',#2311,'Pset_BuildFlowExhibitionElement',$,(#2315,#2316,#2317,#2318));
#2313=IFCOWNERHISTORY(#3,#4,.READWRITE.,.ADDED.,1778919115,#3,#4,1778919115);
#2314=IFCRELDEFINESBYPROPERTIES('1TpPPQw1fJ7wF042CwSnWX',#2313,$,$,(#1239),#2312);
#2315=IFCPROPERTYSINGLEVALUE('Project',$,IFCLABEL('SOL Properties Exhibition Stand'),$);
#2316=IFCPROPERTYSINGLEVALUE('Brand',$,IFCLABEL('SOL Properties'),$);
#2317=IFCPROPERTYSINGLEVALUE('IsExhibitElement',$,IFCBOOLEAN(.T.),$);
#2318=IFCPROPERTYSINGLEVALUE('BrandMessage',$,IFCLABEL('Legacy you can stand inside'),$);
#2319=IFCOWNERHISTORY(#3,#4,.READWRITE.,.ADDED.,1778919115,#3,#4,1778919115);
#2320=IFCPROPERTYSET('2XZNroYPnNJeTGL_IRzDyF',#2319,'Pset_BuildFlowExhibitionElement',$,(#2323,#2324,#2325,#2326));
#2321=IFCOWNERHISTORY(#3,#4,.READWRITE.,.ADDED.,1778919115,#3,#4,1778919115);
#2322=IFCRELDEFINESBYPROPERTIES('0xcSx9wi1I$Ap4w$gjBAFx',#2321,$,$,(#1218),#2320);
#2323=IFCPROPERTYSINGLEVALUE('Project',$,IFCLABEL('SOL Properties Exhibition Stand'),$);
#2324=IFCPROPERTYSINGLEVALUE('Brand',$,IFCLABEL('SOL Properties'),$);
#2325=IFCPROPERTYSINGLEVALUE('IsExhibitElement',$,IFCBOOLEAN(.T.),$);
#2326=IFCPROPERTYSINGLEVALUE('BrandMessage',$,IFCLABEL('Legacy you can stand inside'),$);
#2327=IFCOWNERHISTORY(#3,#4,.READWRITE.,.ADDED.,1778919115,#3,#4,1778919115);
#2328=IFCPROPERTYSET('30CUSjoDbLXOF$LNF9EO$c',#2327,'Pset_BuildFlowExhibitionElement',$,(#2331,#2332,#2333,#2334));
#2329=IFCOWNERHISTORY(#3,#4,.READWRITE.,.ADDED.,1778919115,#3,#4,1778919115);
#2330=IFCRELDEFINESBYPROPERTIES('33o5X4CQfVcgaAQK6TASLR',#2329,$,$,(#1386),#2328);
#2331=IFCPROPERTYSINGLEVALUE('Project',$,IFCLABEL('SOL Properties Exhibition Stand'),$);
#2332=IFCPROPERTYSINGLEVALUE('Brand',$,IFCLABEL('SOL Properties'),$);
#2333=IFCPROPERTYSINGLEVALUE('IsExhibitElement',$,IFCBOOLEAN(.T.),$);
#2334=IFCPROPERTYSINGLEVALUE('BrandMessage',$,IFCLABEL('Legacy you can stand inside'),$);
#2335=IFCOWNERHISTORY(#3,#4,.READWRITE.,.ADDED.,1778919115,#3,#4,1778919115);
#2336=IFCPROPERTYSET('2Ho0QqmhrTAB1DVQuJYKRF',#2335,'Pset_BuildFlowExhibitionElement',$,(#2339,#2340,#2341,#2342));
#2337=IFCOWNERHISTORY(#3,#4,.READWRITE.,.ADDED.,1778919115,#3,#4,1778919115);
#2338=IFCRELDEFINESBYPROPERTIES('1jrG5dxwjHKBKVczGl3A4y',#2337,$,$,(#1723),#2336);
#2339=IFCPROPERTYSINGLEVALUE('Project',$,IFCLABEL('SOL Properties Exhibition Stand'),$);
#2340=IFCPROPERTYSINGLEVALUE('Brand',$,IFCLABEL('SOL Properties'),$);
#2341=IFCPROPERTYSINGLEVALUE('IsExhibitElement',$,IFCBOOLEAN(.T.),$);
#2342=IFCPROPERTYSINGLEVALUE('BrandMessage',$,IFCLABEL('Legacy you can stand inside'),$);
#2343=IFCOWNERHISTORY(#3,#4,.READWRITE.,.ADDED.,1778919115,#3,#4,1778919115);
#2344=IFCPROPERTYSET('0WVccOwn1NvQhQWahymQD4',#2343,'Pset_BuildFlowExhibitionElement',$,(#2347,#2348,#2349,#2350));
#2345=IFCOWNERHISTORY(#3,#4,.READWRITE.,.ADDED.,1778919115,#3,#4,1778919115);
#2346=IFCRELDEFINESBYPROPERTIES('0uFQ7BA8LUShAX3euvfOUg',#2345,$,$,(#1744),#2344);
#2347=IFCPROPERTYSINGLEVALUE('Project',$,IFCLABEL('SOL Properties Exhibition Stand'),$);
#2348=IFCPROPERTYSINGLEVALUE('Brand',$,IFCLABEL('SOL Properties'),$);
#2349=IFCPROPERTYSINGLEVALUE('IsExhibitElement',$,IFCBOOLEAN(.T.),$);
#2350=IFCPROPERTYSINGLEVALUE('BrandMessage',$,IFCLABEL('Legacy you can stand inside'),$);
#2351=IFCOWNERHISTORY(#3,#4,.READWRITE.,.ADDED.,1778919115,#3,#4,1778919115);
#2352=IFCPROPERTYSET('0ikBhbPaTH7f7tLvyKSUNM',#2351,'Pset_BuildFlowExhibitionElement',$,(#2355,#2356,#2357,#2358));
#2353=IFCOWNERHISTORY(#3,#4,.READWRITE.,.ADDED.,1778919115,#3,#4,1778919115);
#2354=IFCRELDEFINESBYPROPERTIES('2npSQfmZXGXOOwixf6iu1Y',#2353,$,$,(#1765),#2352);
#2355=IFCPROPERTYSINGLEVALUE('Project',$,IFCLABEL('SOL Properties Exhibition Stand'),$);
#2356=IFCPROPERTYSINGLEVALUE('Brand',$,IFCLABEL('SOL Properties'),$);
#2357=IFCPROPERTYSINGLEVALUE('IsExhibitElement',$,IFCBOOLEAN(.T.),$);
#2358=IFCPROPERTYSINGLEVALUE('BrandMessage',$,IFCLABEL('Legacy you can stand inside'),$);
#2359=IFCOWNERHISTORY(#3,#4,.READWRITE.,.ADDED.,1778919115,#3,#4,1778919115);
#2360=IFCPROPERTYSET('1hTohJCQrSDgAHNfOYqfoc',#2359,'Pset_BuildFlowExhibitionElement',$,(#2363,#2364,#2365,#2366));
#2361=IFCOWNERHISTORY(#3,#4,.READWRITE.,.ADDED.,1778919115,#3,#4,1778919115);
#2362=IFCRELDEFINESBYPROPERTIES('1ivehhcU1HtuLNG1VEvScI',#2361,$,$,(#1786),#2360);
#2363=IFCPROPERTYSINGLEVALUE('Project',$,IFCLABEL('SOL Properties Exhibition Stand'),$);
#2364=IFCPROPERTYSINGLEVALUE('Brand',$,IFCLABEL('SOL Properties'),$);
#2365=IFCPROPERTYSINGLEVALUE('IsExhibitElement',$,IFCBOOLEAN(.T.),$);
#2366=IFCPROPERTYSINGLEVALUE('BrandMessage',$,IFCLABEL('Legacy you can stand inside'),$);
#2367=IFCOWNERHISTORY(#3,#4,.READWRITE.,.ADDED.,1778919115,#3,#4,1778919115);
#2368=IFCPROPERTYSET('1Ri3HL7RTGs8JXVZ0VcAiT',#2367,'Pset_BuildFlowExhibitionElement',$,(#2371,#2372,#2373,#2374));
#2369=IFCOWNERHISTORY(#3,#4,.READWRITE.,.ADDED.,1778919115,#3,#4,1778919115);
#2370=IFCRELDEFINESBYPROPERTIES('0YVNrDLufOSQQcXBiCVMBA',#2369,$,$,(#1807),#2368);
#2371=IFCPROPERTYSINGLEVALUE('Project',$,IFCLABEL('SOL Properties Exhibition Stand'),$);
#2372=IFCPROPERTYSINGLEVALUE('Brand',$,IFCLABEL('SOL Properties'),$);
#2373=IFCPROPERTYSINGLEVALUE('IsExhibitElement',$,IFCBOOLEAN(.T.),$);
#2374=IFCPROPERTYSINGLEVALUE('BrandMessage',$,IFCLABEL('Legacy you can stand inside'),$);
#2375=IFCOWNERHISTORY(#3,#4,.READWRITE.,.ADDED.,1778919115,#3,#4,1778919115);
#2376=IFCPROPERTYSET('0wfMNeLVPN780jiOeDwWjy',#2375,'Pset_BuildFlowExhibitionElement',$,(#2379,#2380,#2381,#2382));
#2377=IFCOWNERHISTORY(#3,#4,.READWRITE.,.ADDED.,1778919115,#3,#4,1778919115);
#2378=IFCRELDEFINESBYPROPERTIES('3IA4I9PI9Rie5rxci14P4l',#2377,$,$,(#1828),#2376);
#2379=IFCPROPERTYSINGLEVALUE('Project',$,IFCLABEL('SOL Properties Exhibition Stand'),$);
#2380=IFCPROPERTYSINGLEVALUE('Brand',$,IFCLABEL('SOL Properties'),$);
#2381=IFCPROPERTYSINGLEVALUE('IsExhibitElement',$,IFCBOOLEAN(.T.),$);
#2382=IFCPROPERTYSINGLEVALUE('BrandMessage',$,IFCLABEL('Legacy you can stand inside'),$);
#2383=IFCOWNERHISTORY(#3,#4,.READWRITE.,.ADDED.,1778919115,#3,#4,1778919115);
#2384=IFCPROPERTYSET('31iDSEwtvGQhFAEeUOr7y8',#2383,'Pset_BuildFlowExhibitionElement',$,(#2387,#2388,#2389,#2390));
#2385=IFCOWNERHISTORY(#3,#4,.READWRITE.,.ADDED.,1778919115,#3,#4,1778919115);
#2386=IFCRELDEFINESBYPROPERTIES('0BqzwH4JHMWuMmKuWmaKd4',#2385,$,$,(#380),#2384);
#2387=IFCPROPERTYSINGLEVALUE('Project',$,IFCLABEL('SOL Properties Exhibition Stand'),$);
#2388=IFCPROPERTYSINGLEVALUE('Brand',$,IFCLABEL('SOL Properties'),$);
#2389=IFCPROPERTYSINGLEVALUE('IsExhibitElement',$,IFCBOOLEAN(.T.),$);
#2390=IFCPROPERTYSINGLEVALUE('BrandMessage',$,IFCLABEL('Legacy you can stand inside'),$);
#2391=IFCOWNERHISTORY(#3,#4,.READWRITE.,.ADDED.,1778919115,#3,#4,1778919115);
#2392=IFCPROPERTYSET('0LHbPi4xHTHQg1MGpm1Kmv',#2391,'Pset_BuildFlowExhibitionElement',$,(#2395,#2396,#2397,#2398));
#2393=IFCOWNERHISTORY(#3,#4,.READWRITE.,.ADDED.,1778919115,#3,#4,1778919115);
#2394=IFCRELDEFINESBYPROPERTIES('1IxRmrESjPTQyeOPeuxqBT',#2393,$,$,(#401),#2392);
#2395=IFCPROPERTYSINGLEVALUE('Project',$,IFCLABEL('SOL Properties Exhibition Stand'),$);
#2396=IFCPROPERTYSINGLEVALUE('Brand',$,IFCLABEL('SOL Properties'),$);
#2397=IFCPROPERTYSINGLEVALUE('IsExhibitElement',$,IFCBOOLEAN(.T.),$);
#2398=IFCPROPERTYSINGLEVALUE('BrandMessage',$,IFCLABEL('Legacy you can stand inside'),$);
#2399=IFCOWNERHISTORY(#3,#4,.READWRITE.,.ADDED.,1778919115,#3,#4,1778919115);
#2400=IFCPROPERTYSET('1E3wvOKt5KwwnxVqUogvDO',#2399,'Pset_BuildFlowExhibitionElement',$,(#2403,#2404,#2405,#2406));
#2401=IFCOWNERHISTORY(#3,#4,.READWRITE.,.ADDED.,1778919115,#3,#4,1778919115);
#2402=IFCRELDEFINESBYPROPERTIES('1TzwqGWNDJxwkzY4t77tsY',#2401,$,$,(#443),#2400);
#2403=IFCPROPERTYSINGLEVALUE('Project',$,IFCLABEL('SOL Properties Exhibition Stand'),$);
#2404=IFCPROPERTYSINGLEVALUE('Brand',$,IFCLABEL('SOL Properties'),$);
#2405=IFCPROPERTYSINGLEVALUE('IsExhibitElement',$,IFCBOOLEAN(.T.),$);
#2406=IFCPROPERTYSINGLEVALUE('BrandMessage',$,IFCLABEL('Legacy you can stand inside'),$);
#2407=IFCOWNERHISTORY(#3,#4,.READWRITE.,.ADDED.,1778919115,#3,#4,1778919115);
#2408=IFCPROPERTYSET('3KoSgMeoLUAgiBd6rAPK1G',#2407,'Pset_BuildFlowExhibitionElement',$,(#2411,#2412,#2413,#2414));
#2409=IFCOWNERHISTORY(#3,#4,.READWRITE.,.ADDED.,1778919115,#3,#4,1778919115);
#2410=IFCRELDEFINESBYPROPERTIES('1QSJW9O89VuQMp0pSDLei7',#2409,$,$,(#464),#2408);
#2411=IFCPROPERTYSINGLEVALUE('Project',$,IFCLABEL('SOL Properties Exhibition Stand'),$);
#2412=IFCPROPERTYSINGLEVALUE('Brand',$,IFCLABEL('SOL Properties'),$);
#2413=IFCPROPERTYSINGLEVALUE('IsExhibitElement',$,IFCBOOLEAN(.T.),$);
#2414=IFCPROPERTYSINGLEVALUE('BrandMessage',$,IFCLABEL('Legacy you can stand inside'),$);
#2415=IFCOWNERHISTORY(#3,#4,.READWRITE.,.ADDED.,1778919115,#3,#4,1778919115);
#2416=IFCPROPERTYSET('1vg5u9ANXPcveIMgElwRAa',#2415,'Pset_BuildFlowExhibitionElement',$,(#2419,#2420,#2421,#2422));
#2417=IFCOWNERHISTORY(#3,#4,.READWRITE.,.ADDED.,1778919115,#3,#4,1778919115);
#2418=IFCRELDEFINESBYPROPERTIES('3YOU6klTHL8foL$v6VMLF2',#2417,$,$,(#422),#2416);
#2419=IFCPROPERTYSINGLEVALUE('Project',$,IFCLABEL('SOL Properties Exhibition Stand'),$);
#2420=IFCPROPERTYSINGLEVALUE('Brand',$,IFCLABEL('SOL Properties'),$);
#2421=IFCPROPERTYSINGLEVALUE('IsExhibitElement',$,IFCBOOLEAN(.T.),$);
#2422=IFCPROPERTYSINGLEVALUE('BrandMessage',$,IFCLABEL('Legacy you can stand inside'),$);
#2423=IFCOWNERHISTORY(#3,#4,.READWRITE.,.ADDED.,1778919115,#3,#4,1778919115);
#2424=IFCPROPERTYSET('25JBXXDuHKswjlAzNjxCJ9',#2423,'Pset_BuildFlowExhibitionElement',$,(#2427,#2428,#2429,#2430));
#2425=IFCOWNERHISTORY(#3,#4,.READWRITE.,.ADDED.,1778919115,#3,#4,1778919115);
#2426=IFCRELDEFINESBYPROPERTIES('3ZKYnekPrSwfbDdbruGIHa',#2425,$,$,(#821),#2424);
#2427=IFCPROPERTYSINGLEVALUE('Project',$,IFCLABEL('SOL Properties Exhibition Stand'),$);
#2428=IFCPROPERTYSINGLEVALUE('Brand',$,IFCLABEL('SOL Properties'),$);
#2429=IFCPROPERTYSINGLEVALUE('IsExhibitElement',$,IFCBOOLEAN(.T.),$);
#2430=IFCPROPERTYSINGLEVALUE('BrandMessage',$,IFCLABEL('Legacy you can stand inside'),$);
#2431=IFCOWNERHISTORY(#3,#4,.READWRITE.,.ADDED.,1778919115,#3,#4,1778919115);
#2432=IFCPROPERTYSET('2l5HXzIhPQDwBmPefjFVCJ',#2431,'Pset_BuildFlowExhibitionElement',$,(#2435,#2436,#2437,#2438));
#2433=IFCOWNERHISTORY(#3,#4,.READWRITE.,.ADDED.,1778919115,#3,#4,1778919115);
#2434=IFCRELDEFINESBYPROPERTIES('3JLZbeL5bGuRYkNd$rYvYJ',#2433,$,$,(#842),#2432);
#2435=IFCPROPERTYSINGLEVALUE('Project',$,IFCLABEL('SOL Properties Exhibition Stand'),$);
#2436=IFCPROPERTYSINGLEVALUE('Brand',$,IFCLABEL('SOL Properties'),$);
#2437=IFCPROPERTYSINGLEVALUE('IsExhibitElement',$,IFCBOOLEAN(.T.),$);
#2438=IFCPROPERTYSINGLEVALUE('BrandMessage',$,IFCLABEL('Legacy you can stand inside'),$);
#2439=IFCOWNERHISTORY(#3,#4,.READWRITE.,.ADDED.,1778919115,#3,#4,1778919115);
#2440=IFCPROPERTYSET('1Axf9Xi3XRdxsZepRzk4Y6',#2439,'Pset_BuildFlowExhibitionElement',$,(#2443,#2444,#2445,#2446));
#2441=IFCOWNERHISTORY(#3,#4,.READWRITE.,.ADDED.,1778919115,#3,#4,1778919115);
#2442=IFCRELDEFINESBYPROPERTIES('05BuwZDb1O9PK74pwFQXyY',#2441,$,$,(#905),#2440);
#2443=IFCPROPERTYSINGLEVALUE('Project',$,IFCLABEL('SOL Properties Exhibition Stand'),$);
#2444=IFCPROPERTYSINGLEVALUE('Brand',$,IFCLABEL('SOL Properties'),$);
#2445=IFCPROPERTYSINGLEVALUE('IsExhibitElement',$,IFCBOOLEAN(.T.),$);
#2446=IFCPROPERTYSINGLEVALUE('BrandMessage',$,IFCLABEL('Legacy you can stand inside'),$);
#2447=IFCOWNERHISTORY(#3,#4,.READWRITE.,.ADDED.,1778919115,#3,#4,1778919115);
#2448=IFCPROPERTYSET('0yLmcroQzQFPhBdKPcDtP3',#2447,'Pset_BuildFlowExhibitionElement',$,(#2451,#2452,#2453,#2454));
#2449=IFCOWNERHISTORY(#3,#4,.READWRITE.,.ADDED.,1778919115,#3,#4,1778919115);
#2450=IFCRELDEFINESBYPROPERTIES('1xf8FDydzJ69UOIKVzr9yL',#2449,$,$,(#884),#2448);
#2451=IFCPROPERTYSINGLEVALUE('Project',$,IFCLABEL('SOL Properties Exhibition Stand'),$);
#2452=IFCPROPERTYSINGLEVALUE('Brand',$,IFCLABEL('SOL Properties'),$);
#2453=IFCPROPERTYSINGLEVALUE('IsExhibitElement',$,IFCBOOLEAN(.T.),$);
#2454=IFCPROPERTYSINGLEVALUE('BrandMessage',$,IFCLABEL('Legacy you can stand inside'),$);
#2455=IFCOWNERHISTORY(#3,#4,.READWRITE.,.ADDED.,1778919115,#3,#4,1778919115);
#2456=IFCPROPERTYSET('1pJ56cmPrRigXEFqYvB2Xs',#2455,'Pset_BuildFlowExhibitionElement',$,(#2459,#2460,#2461,#2462));
#2457=IFCOWNERHISTORY(#3,#4,.READWRITE.,.ADDED.,1778919115,#3,#4,1778919115);
#2458=IFCRELDEFINESBYPROPERTIES('3JV6Gn7WrM4P0Ov8mSCFnh',#2457,$,$,(#926),#2456);
#2459=IFCPROPERTYSINGLEVALUE('Project',$,IFCLABEL('SOL Properties Exhibition Stand'),$);
#2460=IFCPROPERTYSINGLEVALUE('Brand',$,IFCLABEL('SOL Properties'),$);
#2461=IFCPROPERTYSINGLEVALUE('IsExhibitElement',$,IFCBOOLEAN(.T.),$);
#2462=IFCPROPERTYSINGLEVALUE('BrandMessage',$,IFCLABEL('Legacy you can stand inside'),$);
#2463=IFCOWNERHISTORY(#3,#4,.READWRITE.,.ADDED.,1778919115,#3,#4,1778919115);
#2464=IFCPROPERTYSET('3Ev5ko231LCB1_miDO3Lke',#2463,'Pset_BuildFlowExhibitionElement',$,(#2467,#2468,#2469,#2470));
#2465=IFCOWNERHISTORY(#3,#4,.READWRITE.,.ADDED.,1778919115,#3,#4,1778919115);
#2466=IFCRELDEFINESBYPROPERTIES('2oB3OTkpfKPgpBtsgm1eBn',#2465,$,$,(#947),#2464);
#2467=IFCPROPERTYSINGLEVALUE('Project',$,IFCLABEL('SOL Properties Exhibition Stand'),$);
#2468=IFCPROPERTYSINGLEVALUE('Brand',$,IFCLABEL('SOL Properties'),$);
#2469=IFCPROPERTYSINGLEVALUE('IsExhibitElement',$,IFCBOOLEAN(.T.),$);
#2470=IFCPROPERTYSINGLEVALUE('BrandMessage',$,IFCLABEL('Legacy you can stand inside'),$);
#2471=IFCOWNERHISTORY(#3,#4,.READWRITE.,.ADDED.,1778919115,#3,#4,1778919115);
#2472=IFCPROPERTYSET('28zQPqoyXOVwfDO_MbD5uj',#2471,'Pset_BuildFlowExhibitionElement',$,(#2475,#2476,#2477,#2478));
#2473=IFCOWNERHISTORY(#3,#4,.READWRITE.,.ADDED.,1778919115,#3,#4,1778919115);
#2474=IFCRELDEFINESBYPROPERTIES('3DjGYp6CnM9Rv0AG2YbXMw',#2473,$,$,(#863),#2472);
#2475=IFCPROPERTYSINGLEVALUE('Project',$,IFCLABEL('SOL Properties Exhibition Stand'),$);
#2476=IFCPROPERTYSINGLEVALUE('Brand',$,IFCLABEL('SOL Properties'),$);
#2477=IFCPROPERTYSINGLEVALUE('IsExhibitElement',$,IFCBOOLEAN(.T.),$);
#2478=IFCPROPERTYSINGLEVALUE('BrandMessage',$,IFCLABEL('Legacy you can stand inside'),$);
#2479=IFCOWNERHISTORY(#3,#4,.READWRITE.,.ADDED.,1778919115,#3,#4,1778919115);
#2480=IFCPROPERTYSET('2eVvpGs8LRGhSc3sbVFpQQ',#2479,'Pset_BuildFlowExhibitionElement',$,(#2483,#2484,#2485,#2486));
#2481=IFCOWNERHISTORY(#3,#4,.READWRITE.,.ADDED.,1778919115,#3,#4,1778919115);
#2482=IFCRELDEFINESBYPROPERTIES('0BmCLQEXTRuPB6YZtKVolZ',#2481,$,$,(#273),#2480);
#2483=IFCPROPERTYSINGLEVALUE('Project',$,IFCLABEL('SOL Properties Exhibition Stand'),$);
#2484=IFCPROPERTYSINGLEVALUE('Brand',$,IFCLABEL('SOL Properties'),$);
#2485=IFCPROPERTYSINGLEVALUE('IsExhibitElement',$,IFCBOOLEAN(.T.),$);
#2486=IFCPROPERTYSINGLEVALUE('BrandMessage',$,IFCLABEL('Legacy you can stand inside'),$);
#2487=IFCOWNERHISTORY(#3,#4,.READWRITE.,.ADDED.,1778919115,#3,#4,1778919115);
#2488=IFCPROPERTYSET('3Wqceo99DLIeEs5H$VsBEH',#2487,'Pset_BuildFlowExhibitionElement',$,(#2491,#2492,#2493,#2494));
#2489=IFCOWNERHISTORY(#3,#4,.READWRITE.,.ADDED.,1778919115,#3,#4,1778919115);
#2490=IFCRELDEFINESBYPROPERTIES('1T7Uq1Y55ItepGrusa_1gk',#2489,$,$,(#317),#2488);
#2491=IFCPROPERTYSINGLEVALUE('Project',$,IFCLABEL('SOL Properties Exhibition Stand'),$);
#2492=IFCPROPERTYSINGLEVALUE('Brand',$,IFCLABEL('SOL Properties'),$);
#2493=IFCPROPERTYSINGLEVALUE('IsExhibitElement',$,IFCBOOLEAN(.T.),$);
#2494=IFCPROPERTYSINGLEVALUE('BrandMessage',$,IFCLABEL('Legacy you can stand inside'),$);
#2495=IFCOWNERHISTORY(#3,#4,.READWRITE.,.ADDED.,1778919115,#3,#4,1778919115);
#2496=IFCPROPERTYSET('3BymM7bkrPcA9dKfzWeciI',#2495,'Pset_BuildFlowExhibitionElement',$,(#2499,#2500,#2501,#2502));
#2497=IFCOWNERHISTORY(#3,#4,.READWRITE.,.ADDED.,1778919115,#3,#4,1778919115);
#2498=IFCRELDEFINESBYPROPERTIES('1$ydBGuYzTIuvtm4H3zkL9',#2497,$,$,(#296),#2496);
#2499=IFCPROPERTYSINGLEVALUE('Project',$,IFCLABEL('SOL Properties Exhibition Stand'),$);
#2500=IFCPROPERTYSINGLEVALUE('Brand',$,IFCLABEL('SOL Properties'),$);
#2501=IFCPROPERTYSINGLEVALUE('IsExhibitElement',$,IFCBOOLEAN(.T.),$);
#2502=IFCPROPERTYSINGLEVALUE('BrandMessage',$,IFCLABEL('Legacy you can stand inside'),$);
#2503=IFCOWNERHISTORY(#3,#4,.READWRITE.,.ADDED.,1778919115,#3,#4,1778919115);
#2504=IFCPROPERTYSET('2FFHQjcxvNReaFsDoJs3_y',#2503,'Pset_BuildFlowExhibitionElement',$,(#2507,#2508,#2509,#2510));
#2505=IFCOWNERHISTORY(#3,#4,.READWRITE.,.ADDED.,1778919115,#3,#4,1778919115);
#2506=IFCRELDEFINESBYPROPERTIES('1mZqUgJSPJ2g$21N4NYZhI',#2505,$,$,(#338),#2504);
#2507=IFCPROPERTYSINGLEVALUE('Project',$,IFCLABEL('SOL Properties Exhibition Stand'),$);
#2508=IFCPROPERTYSINGLEVALUE('Brand',$,IFCLABEL('SOL Properties'),$);
#2509=IFCPROPERTYSINGLEVALUE('IsExhibitElement',$,IFCBOOLEAN(.T.),$);
#2510=IFCPROPERTYSINGLEVALUE('BrandMessage',$,IFCLABEL('Legacy you can stand inside'),$);
#2511=IFCOWNERHISTORY(#3,#4,.READWRITE.,.ADDED.,1778919115,#3,#4,1778919115);
#2512=IFCPROPERTYSET('2bk_Bs8p9OA9zSEZIFt9Vx',#2511,'Pset_BuildFlowExhibitionElement',$,(#2515,#2516,#2517,#2518));
#2513=IFCOWNERHISTORY(#3,#4,.READWRITE.,.ADDED.,1778919115,#3,#4,1778919115);
#2514=IFCRELDEFINESBYPROPERTIES('3etns4Vo1QnR_oBN1Acwvk',#2513,$,$,(#359),#2512);
#2515=IFCPROPERTYSINGLEVALUE('Project',$,IFCLABEL('SOL Properties Exhibition Stand'),$);
#2516=IFCPROPERTYSINGLEVALUE('Brand',$,IFCLABEL('SOL Properties'),$);
#2517=IFCPROPERTYSINGLEVALUE('IsExhibitElement',$,IFCBOOLEAN(.T.),$);
#2518=IFCPROPERTYSINGLEVALUE('BrandMessage',$,IFCLABEL('Legacy you can stand inside'),$);
#2519=IFCOWNERHISTORY(#3,#4,.READWRITE.,.ADDED.,1778919115,#3,#4,1778919115);
#2520=IFCPROPERTYSET('1B1iGBXHjHs9SNBt1gbjyA',#2519,'Pset_BuildFlowExhibitionElement',$,(#2523,#2524,#2525,#2526));
#2521=IFCOWNERHISTORY(#3,#4,.READWRITE.,.ADDED.,1778919115,#3,#4,1778919115);
#2522=IFCRELDEFINESBYPROPERTIES('26avoenG9Li8RjoEK7Dqe2',#2521,$,$,(#968),#2520);
#2523=IFCPROPERTYSINGLEVALUE('Project',$,IFCLABEL('SOL Properties Exhibition Stand'),$);
#2524=IFCPROPERTYSINGLEVALUE('Brand',$,IFCLABEL('SOL Properties'),$);
#2525=IFCPROPERTYSINGLEVALUE('IsExhibitElement',$,IFCBOOLEAN(.T.),$);
#2526=IFCPROPERTYSINGLEVALUE('BrandMessage',$,IFCLABEL('Legacy you can stand inside'),$);
#2527=IFCOWNERHISTORY(#3,#4,.READWRITE.,.ADDED.,1778919115,#3,#4,1778919115);
#2528=IFCPROPERTYSET('3M2MVvtZTHfRXg9c5g_N0D',#2527,'Pset_BuildFlowExhibitionElement',$,(#2531,#2532,#2533,#2534));
#2529=IFCOWNERHISTORY(#3,#4,.READWRITE.,.ADDED.,1778919115,#3,#4,1778919115);
#2530=IFCRELDEFINESBYPROPERTIES('1rLary4sLU$w41QrXdqAWT',#2529,$,$,(#989),#2528);
#2531=IFCPROPERTYSINGLEVALUE('Project',$,IFCLABEL('SOL Properties Exhibition Stand'),$);
#2532=IFCPROPERTYSINGLEVALUE('Brand',$,IFCLABEL('SOL Properties'),$);
#2533=IFCPROPERTYSINGLEVALUE('IsExhibitElement',$,IFCBOOLEAN(.T.),$);
#2534=IFCPROPERTYSINGLEVALUE('BrandMessage',$,IFCLABEL('Legacy you can stand inside'),$);
ENDSEC;
END-ISO-10303-21;
